[2026-03-15 18:23:45] production.ERROR: SQLSTATE[HY000] [2002] No connection could be made because the target machine actively refused it (Connection: mysql, Host: 127.0.0.1, Port: 3306, Database: booking_core, SQL: select * from `core_pages` where `id` = 1 and `status` = publish and `core_pages`.`deleted_at` is null limit 1) {"exception":"[object] (Illuminate\\Database\\QueryException(code: 2002): SQLSTATE[HY000] [2002] No connection could be made because the target machine actively refused it (Connection: mysql, Host: 127.0.0.1, Port: 3306, Database: booking_core, SQL: select * from `core_pages` where `id` = 1 and `status` = publish and `core_pages`.`deleted_at` is null limit 1) at C:/Users/richm/Downloads/tonetor-core-booking-system/tonetor-core-v4.0.2/tonetor-core-v4.0.2/bc-cms/vendor/laravel/framework/src/Illuminate/Database/Connection.php:838)
[stacktrace]
#0 C:/Users/richm/Downloads/tonetor-core-booking-system/tonetor-core-v4.0.2/tonetor-core-v4.0.2/bc-cms/vendor/laravel/framework/src/Illuminate/Database/Connection.php(999): Illuminate/Database/Connection->runQueryCallback()
#1 C:/Users/richm/Downloads/tonetor-core-booking-system/tonetor-core-v4.0.2/tonetor-core-v4.0.2/bc-cms/vendor/laravel/framework/src/Illuminate/Database/Connection.php(978): Illuminate/Database/Connection->tryAgainIfCausedByLostConnection()
#2 C:/Users/richm/Downloads/tonetor-core-booking-system/tonetor-core-v4.0.2/tonetor-core-v4.0.2/bc-cms/vendor/laravel/framework/src/Illuminate/Database/Connection.php(796): Illuminate/Database/Connection->handleQueryException()
#3 C:/Users/richm/Downloads/tonetor-core-booking-system/tonetor-core-v4.0.2/tonetor-core-v4.0.2/bc-cms/vendor/laravel/framework/src/Illuminate/Database/Connection.php(411): Illuminate/Database/Connection->run()
#4 C:/Users/richm/Downloads/tonetor-core-booking-system/tonetor-core-v4.0.2/tonetor-core-v4.0.2/bc-cms/vendor/laravel/framework/src/Illuminate/Database/Query/Builder.php(3475): Illuminate/Database/Connection->select()
#5 C:/Users/richm/Downloads/tonetor-core-booking-system/tonetor-core-v4.0.2/tonetor-core-v4.0.2/bc-cms/vendor/laravel/framework/src/Illuminate/Database/Query/Builder.php(3460): Illuminate/Database/Query/Builder->runSelect()
#6 C:/Users/richm/Downloads/tonetor-core-booking-system/tonetor-core-v4.0.2/tonetor-core-v4.0.2/bc-cms/vendor/laravel/framework/src/Illuminate/Database/Query/Builder.php(4050): Illuminate/Database/Query/Builder->{closure:Illuminate/Database/Query/Builder::get():3459}()
#7 C:/Users/richm/Downloads/tonetor-core-booking-system/tonetor-core-v4.0.2/tonetor-core-v4.0.2/bc-cms/vendor/laravel/framework/src/Illuminate/Database/Query/Builder.php(3459): Illuminate/Database/Query/Builder->onceWithColumns()
#8 C:/Users/richm/Downloads/tonetor-core-booking-system/tonetor-core-v4.0.2/tonetor-core-v4.0.2/bc-cms/vendor/laravel/framework/src/Illuminate/Database/Eloquent/Builder.php(902): Illuminate/Database/Query/Builder->get()
#9 C:/Users/richm/Downloads/tonetor-core-booking-system/tonetor-core-v4.0.2/tonetor-core-v4.0.2/bc-cms/vendor/laravel/framework/src/Illuminate/Database/Eloquent/Builder.php(884): Illuminate/Database/Eloquent/Builder->getModels()
#10 C:/Users/richm/Downloads/tonetor-core-booking-system/tonetor-core-v4.0.2/tonetor-core-v4.0.2/bc-cms/vendor/laravel/framework/src/Illuminate/Database/Concerns/BuildsQueries.php(366): Illuminate/Database/Eloquent/Builder->get()
#11 C:/Users/richm/Downloads/tonetor-core-booking-system/tonetor-core-v4.0.2/tonetor-core-v4.0.2/bc-cms/app/Http/Controllers/HomeController.php(37): Illuminate/Database/Eloquent/Builder->first()
#12 C:/Users/richm/Downloads/tonetor-core-booking-system/tonetor-core-v4.0.2/tonetor-core-v4.0.2/bc-cms/vendor/laravel/framework/src/Illuminate/Routing/Controller.php(54): App/Http/Controllers/HomeController->index()
#13 C:/Users/richm/Downloads/tonetor-core-booking-system/tonetor-core-v4.0.2/tonetor-core-v4.0.2/bc-cms/vendor/laravel/framework/src/Illuminate/Routing/ControllerDispatcher.php(43): Illuminate/Routing/Controller->callAction()
#14 C:/Users/richm/Downloads/tonetor-core-booking-system/tonetor-core-v4.0.2/tonetor-core-v4.0.2/bc-cms/vendor/laravel/framework/src/Illuminate/Routing/Route.php(265): Illuminate/Routing/ControllerDispatcher->dispatch()
#15 C:/Users/richm/Downloads/tonetor-core-booking-system/tonetor-core-v4.0.2/tonetor-core-v4.0.2/bc-cms/vendor/laravel/framework/src/Illuminate/Routing/Route.php(211): Illuminate/Routing/Route->runController()
#16 C:/Users/richm/Downloads/tonetor-core-booking-system/tonetor-core-v4.0.2/tonetor-core-v4.0.2/bc-cms/vendor/laravel/framework/src/Illuminate/Routing/Router.php(822): Illuminate/Routing/Route->run()
#17 C:/Users/richm/Downloads/tonetor-core-booking-system/tonetor-core-v4.0.2/tonetor-core-v4.0.2/bc-cms/vendor/laravel/framework/src/Illuminate/Pipeline/Pipeline.php(180): Illuminate/Routing/Router->{closure:Illuminate/Routing/Router::runRouteWithinStack():821}()
#18 C:/Users/richm/Downloads/tonetor-core-booking-system/tonetor-core-v4.0.2/tonetor-core-v4.0.2/bc-cms/vendor/barryvdh/laravel-debugbar/src/Middleware/InjectDebugbar.php(59): Illuminate/Pipeline/Pipeline->{closure:Illuminate/Pipeline/Pipeline::prepareDestination():178}()
#19 C:/Users/richm/Downloads/tonetor-core-booking-system/tonetor-core-v4.0.2/tonetor-core-v4.0.2/bc-cms/vendor/laravel/framework/src/Illuminate/Pipeline/Pipeline.php(219): Barryvdh/Debugbar/Middleware/InjectDebugbar->handle()
#20 C:/Users/richm/Downloads/tonetor-core-booking-system/tonetor-core-v4.0.2/tonetor-core-v4.0.2/bc-cms/app/Http/Middleware/RequireChangePassword.php(41): Illuminate/Pipeline/Pipeline->{closure:{closure:Illuminate/Pipeline/Pipeline::carry():194}:195}()
#21 C:/Users/richm/Downloads/tonetor-core-booking-system/tonetor-core-v4.0.2/tonetor-core-v4.0.2/bc-cms/vendor/laravel/framework/src/Illuminate/Pipeline/Pipeline.php(219): App/Http/Middleware/RequireChangePassword->handle()
#22 C:/Users/richm/Downloads/tonetor-core-booking-system/tonetor-core-v4.0.2/tonetor-core-v4.0.2/bc-cms/app/Http/Middleware/SetCurrentCurrency.php(48): Illuminate/Pipeline/Pipeline->{closure:{closure:Illuminate/Pipeline/Pipeline::carry():194}:195}()
#23 C:/Users/richm/Downloads/tonetor-core-booking-system/tonetor-core-v4.0.2/tonetor-core-v4.0.2/bc-cms/vendor/laravel/framework/src/Illuminate/Pipeline/Pipeline.php(219): App/Http/Middleware/SetCurrentCurrency->handle()
#24 C:/Users/richm/Downloads/tonetor-core-booking-system/tonetor-core-v4.0.2/tonetor-core-v4.0.2/bc-cms/app/Http/Middleware/SetLanguageForAdmin.php(37): Illuminate/Pipeline/Pipeline->{closure:{closure:Illuminate/Pipeline/Pipeline::carry():194}:195}()
#25 C:/Users/richm/Downloads/tonetor-core-booking-system/tonetor-core-v4.0.2/tonetor-core-v4.0.2/bc-cms/vendor/laravel/framework/src/Illuminate/Pipeline/Pipeline.php(219): App/Http/Middleware/SetLanguageForAdmin->handle()
#26 C:/Users/richm/Downloads/tonetor-core-booking-system/tonetor-core-v4.0.2/tonetor-core-v4.0.2/bc-cms/app/Http/Middleware/RedirectForMultiLanguage.php(58): Illuminate/Pipeline/Pipeline->{closure:{closure:Illuminate/Pipeline/Pipeline::carry():194}:195}()
#27 C:/Users/richm/Downloads/tonetor-core-booking-system/tonetor-core-v4.0.2/tonetor-core-v4.0.2/bc-cms/vendor/laravel/framework/src/Illuminate/Pipeline/Pipeline.php(219): App/Http/Middleware/RedirectForMultiLanguage->handle()
#28 C:/Users/richm/Downloads/tonetor-core-booking-system/tonetor-core-v4.0.2/tonetor-core-v4.0.2/bc-cms/vendor/laravel/framework/src/Illuminate/Routing/Middleware/SubstituteBindings.php(50): Illuminate/Pipeline/Pipeline->{closure:{closure:Illuminate/Pipeline/Pipeline::carry():194}:195}()
#29 C:/Users/richm/Downloads/tonetor-core-booking-system/tonetor-core-v4.0.2/tonetor-core-v4.0.2/bc-cms/vendor/laravel/framework/src/Illuminate/Pipeline/Pipeline.php(219): Illuminate/Routing/Middleware/SubstituteBindings->handle()
#30 C:/Users/richm/Downloads/tonetor-core-booking-system/tonetor-core-v4.0.2/tonetor-core-v4.0.2/bc-cms/vendor/laravel/framework/src/Illuminate/Foundation/Http/Middleware/VerifyCsrfToken.php(87): Illuminate/Pipeline/Pipeline->{closure:{closure:Illuminate/Pipeline/Pipeline::carry():194}:195}()
#31 C:/Users/richm/Downloads/tonetor-core-booking-system/tonetor-core-v4.0.2/tonetor-core-v4.0.2/bc-cms/vendor/laravel/framework/src/Illuminate/Pipeline/Pipeline.php(219): Illuminate/Foundation/Http/Middleware/VerifyCsrfToken->handle()
#32 C:/Users/richm/Downloads/tonetor-core-booking-system/tonetor-core-v4.0.2/tonetor-core-v4.0.2/bc-cms/vendor/laravel/framework/src/Illuminate/View/Middleware/ShareErrorsFromSession.php(48): Illuminate/Pipeline/Pipeline->{closure:{closure:Illuminate/Pipeline/Pipeline::carry():194}:195}()
#33 C:/Users/richm/Downloads/tonetor-core-booking-system/tonetor-core-v4.0.2/tonetor-core-v4.0.2/bc-cms/vendor/laravel/framework/src/Illuminate/Pipeline/Pipeline.php(219): Illuminate/View/Middleware/ShareErrorsFromSession->handle()
#34 C:/Users/richm/Downloads/tonetor-core-booking-system/tonetor-core-v4.0.2/tonetor-core-v4.0.2/bc-cms/vendor/laravel/framework/src/Illuminate/Session/Middleware/StartSession.php(120): Illuminate/Pipeline/Pipeline->{closure:{closure:Illuminate/Pipeline/Pipeline::carry():194}:195}()
#35 C:/Users/richm/Downloads/tonetor-core-booking-system/tonetor-core-v4.0.2/tonetor-core-v4.0.2/bc-cms/vendor/laravel/framework/src/Illuminate/Session/Middleware/StartSession.php(63): Illuminate/Session/Middleware/StartSession->handleStatefulRequest()
#36 C:/Users/richm/Downloads/tonetor-core-booking-system/tonetor-core-v4.0.2/tonetor-core-v4.0.2/bc-cms/vendor/laravel/framework/src/Illuminate/Pipeline/Pipeline.php(219): Illuminate/Session/Middleware/StartSession->handle()
#37 C:/Users/richm/Downloads/tonetor-core-booking-system/tonetor-core-v4.0.2/tonetor-core-v4.0.2/bc-cms/vendor/laravel/framework/src/Illuminate/Cookie/Middleware/AddQueuedCookiesToResponse.php(36): Illuminate/Pipeline/Pipeline->{closure:{closure:Illuminate/Pipeline/Pipeline::carry():194}:195}()
#38 C:/Users/richm/Downloads/tonetor-core-booking-system/tonetor-core-v4.0.2/tonetor-core-v4.0.2/bc-cms/vendor/laravel/framework/src/Illuminate/Pipeline/Pipeline.php(219): Illuminate/Cookie/Middleware/AddQueuedCookiesToResponse->handle()
#39 C:/Users/richm/Downloads/tonetor-core-booking-system/tonetor-core-v4.0.2/tonetor-core-v4.0.2/bc-cms/vendor/laravel/framework/src/Illuminate/Cookie/Middleware/EncryptCookies.php(74): Illuminate/Pipeline/Pipeline->{closure:{closure:Illuminate/Pipeline/Pipeline::carry():194}:195}()
#40 C:/Users/richm/Downloads/tonetor-core-booking-system/tonetor-core-v4.0.2/tonetor-core-v4.0.2/bc-cms/vendor/laravel/framework/src/Illuminate/Pipeline/Pipeline.php(219): Illuminate/Cookie/Middleware/EncryptCookies->handle()
#41 C:/Users/richm/Downloads/tonetor-core-booking-system/tonetor-core-v4.0.2/tonetor-core-v4.0.2/bc-cms/vendor/laravel/framework/src/Illuminate/Pipeline/Pipeline.php(137): Illuminate/Pipeline/Pipeline->{closure:{closure:Illuminate/Pipeline/Pipeline::carry():194}:195}()
#42 C:/Users/richm/Downloads/tonetor-core-booking-system/tonetor-core-v4.0.2/tonetor-core-v4.0.2/bc-cms/vendor/laravel/framework/src/Illuminate/Routing/Router.php(821): Illuminate/Pipeline/Pipeline->then()
#43 C:/Users/richm/Downloads/tonetor-core-booking-system/tonetor-core-v4.0.2/tonetor-core-v4.0.2/bc-cms/vendor/laravel/framework/src/Illuminate/Routing/Router.php(800): Illuminate/Routing/Router->runRouteWithinStack()
#44 C:/Users/richm/Downloads/tonetor-core-booking-system/tonetor-core-v4.0.2/tonetor-core-v4.0.2/bc-cms/vendor/laravel/framework/src/Illuminate/Routing/Router.php(764): Illuminate/Routing/Router->runRoute()
#45 C:/Users/richm/Downloads/tonetor-core-booking-system/tonetor-core-v4.0.2/tonetor-core-v4.0.2/bc-cms/vendor/laravel/framework/src/Illuminate/Routing/Router.php(753): Illuminate/Routing/Router->dispatchToRoute()
#46 C:/Users/richm/Downloads/tonetor-core-booking-system/tonetor-core-v4.0.2/tonetor-core-v4.0.2/bc-cms/vendor/laravel/framework/src/Illuminate/Foundation/Http/Kernel.php(200): Illuminate/Routing/Router->dispatch()
#47 C:/Users/richm/Downloads/tonetor-core-booking-system/tonetor-core-v4.0.2/tonetor-core-v4.0.2/bc-cms/vendor/laravel/framework/src/Illuminate/Pipeline/Pipeline.php(180): Illuminate/Foundation/Http/Kernel->{closure:Illuminate/Foundation/Http/Kernel::dispatchToRouter():197}()
#48 C:/Users/richm/Downloads/tonetor-core-booking-system/tonetor-core-v4.0.2/tonetor-core-v4.0.2/bc-cms/themes/Base/Core/Middleware/RunUpdater.php(77): Illuminate/Pipeline/Pipeline->{closure:Illuminate/Pipeline/Pipeline::prepareDestination():178}()
#49 C:/Users/richm/Downloads/tonetor-core-booking-system/tonetor-core-v4.0.2/tonetor-core-v4.0.2/bc-cms/vendor/laravel/framework/src/Illuminate/Pipeline/Pipeline.php(219): Themes/Base/Core/Middleware/RunUpdater->handle()
#50 C:/Users/richm/Downloads/tonetor-core-booking-system/tonetor-core-v4.0.2/tonetor-core-v4.0.2/bc-cms/vendor/livewire/livewire/src/Features/SupportDisablingBackButtonCache/DisableBackButtonCacheMiddleware.php(19): Illuminate/Pipeline/Pipeline->{closure:{closure:Illuminate/Pipeline/Pipeline::carry():194}:195}()
#51 C:/Users/richm/Downloads/tonetor-core-booking-system/tonetor-core-v4.0.2/tonetor-core-v4.0.2/bc-cms/vendor/laravel/framework/src/Illuminate/Pipeline/Pipeline.php(219): Livewire/Features/SupportDisablingBackButtonCache/DisableBackButtonCacheMiddleware->handle()
#52 C:/Users/richm/Downloads/tonetor-core-booking-system/tonetor-core-v4.0.2/tonetor-core-v4.0.2/bc-cms/vendor/barryvdh/laravel-debugbar/src/Middleware/InjectDebugbar.php(59): Illuminate/Pipeline/Pipeline->{closure:{closure:Illuminate/Pipeline/Pipeline::carry():194}:195}()
#53 C:/Users/richm/Downloads/tonetor-core-booking-system/tonetor-core-v4.0.2/tonetor-core-v4.0.2/bc-cms/vendor/laravel/framework/src/Illuminate/Pipeline/Pipeline.php(219): Barryvdh/Debugbar/Middleware/InjectDebugbar->handle()
#54 C:/Users/richm/Downloads/tonetor-core-booking-system/tonetor-core-v4.0.2/tonetor-core-v4.0.2/bc-cms/app/Http/Middleware/RedirectToInstaller.php(40): Illuminate/Pipeline/Pipeline->{closure:{closure:Illuminate/Pipeline/Pipeline::carry():194}:195}()
#55 C:/Users/richm/Downloads/tonetor-core-booking-system/tonetor-core-v4.0.2/tonetor-core-v4.0.2/bc-cms/vendor/laravel/framework/src/Illuminate/Pipeline/Pipeline.php(219): App/Http/Middleware/RedirectToInstaller->handle()
#56 C:/Users/richm/Downloads/tonetor-core-booking-system/tonetor-core-v4.0.2/tonetor-core-v4.0.2/bc-cms/vendor/laravel/framework/src/Illuminate/Foundation/Http/Middleware/TransformsRequest.php(21): Illuminate/Pipeline/Pipeline->{closure:{closure:Illuminate/Pipeline/Pipeline::carry():194}:195}()
#57 C:/Users/richm/Downloads/tonetor-core-booking-system/tonetor-core-v4.0.2/tonetor-core-v4.0.2/bc-cms/vendor/laravel/framework/src/Illuminate/Foundation/Http/Middleware/ConvertEmptyStringsToNull.php(31): Illuminate/Foundation/Http/Middleware/TransformsRequest->handle()
#58 C:/Users/richm/Downloads/tonetor-core-booking-system/tonetor-core-v4.0.2/tonetor-core-v4.0.2/bc-cms/vendor/laravel/framework/src/Illuminate/Pipeline/Pipeline.php(219): Illuminate/Foundation/Http/Middleware/ConvertEmptyStringsToNull->handle()
#59 C:/Users/richm/Downloads/tonetor-core-booking-system/tonetor-core-v4.0.2/tonetor-core-v4.0.2/bc-cms/vendor/laravel/framework/src/Illuminate/Foundation/Http/Middleware/TransformsRequest.php(21): Illuminate/Pipeline/Pipeline->{closure:{closure:Illuminate/Pipeline/Pipeline::carry():194}:195}()
#60 C:/Users/richm/Downloads/tonetor-core-booking-system/tonetor-core-v4.0.2/tonetor-core-v4.0.2/bc-cms/vendor/laravel/framework/src/Illuminate/Foundation/Http/Middleware/TrimStrings.php(51): Illuminate/Foundation/Http/Middleware/TransformsRequest->handle()
#61 C:/Users/richm/Downloads/tonetor-core-booking-system/tonetor-core-v4.0.2/tonetor-core-v4.0.2/bc-cms/vendor/laravel/framework/src/Illuminate/Pipeline/Pipeline.php(219): Illuminate/Foundation/Http/Middleware/TrimStrings->handle()
#62 C:/Users/richm/Downloads/tonetor-core-booking-system/tonetor-core-v4.0.2/tonetor-core-v4.0.2/bc-cms/vendor/laravel/framework/src/Illuminate/Http/Middleware/ValidatePostSize.php(27): Illuminate/Pipeline/Pipeline->{closure:{closure:Illuminate/Pipeline/Pipeline::carry():194}:195}()
#63 C:/Users/richm/Downloads/tonetor-core-booking-system/tonetor-core-v4.0.2/tonetor-core-v4.0.2/bc-cms/vendor/laravel/framework/src/Illuminate/Pipeline/Pipeline.php(219): Illuminate/Http/Middleware/ValidatePostSize->handle()
#64 C:/Users/richm/Downloads/tonetor-core-booking-system/tonetor-core-v4.0.2/tonetor-core-v4.0.2/bc-cms/vendor/laravel/framework/src/Illuminate/Foundation/Http/Middleware/PreventRequestsDuringMaintenance.php(109): Illuminate/Pipeline/Pipeline->{closure:{closure:Illuminate/Pipeline/Pipeline::carry():194}:195}()
#65 C:/Users/richm/Downloads/tonetor-core-booking-system/tonetor-core-v4.0.2/tonetor-core-v4.0.2/bc-cms/vendor/laravel/framework/src/Illuminate/Pipeline/Pipeline.php(219): Illuminate/Foundation/Http/Middleware/PreventRequestsDuringMaintenance->handle()
#66 C:/Users/richm/Downloads/tonetor-core-booking-system/tonetor-core-v4.0.2/tonetor-core-v4.0.2/bc-cms/vendor/laravel/framework/src/Illuminate/Http/Middleware/HandleCors.php(61): Illuminate/Pipeline/Pipeline->{closure:{closure:Illuminate/Pipeline/Pipeline::carry():194}:195}()
#67 C:/Users/richm/Downloads/tonetor-core-booking-system/tonetor-core-v4.0.2/tonetor-core-v4.0.2/bc-cms/vendor/laravel/framework/src/Illuminate/Pipeline/Pipeline.php(219): Illuminate/Http/Middleware/HandleCors->handle()
#68 C:/Users/richm/Downloads/tonetor-core-booking-system/tonetor-core-v4.0.2/tonetor-core-v4.0.2/bc-cms/vendor/laravel/framework/src/Illuminate/Http/Middleware/TrustProxies.php(58): Illuminate/Pipeline/Pipeline->{closure:{closure:Illuminate/Pipeline/Pipeline::carry():194}:195}()
#69 C:/Users/richm/Downloads/tonetor-core-booking-system/tonetor-core-v4.0.2/tonetor-core-v4.0.2/bc-cms/vendor/laravel/framework/src/Illuminate/Pipeline/Pipeline.php(219): Illuminate/Http/Middleware/TrustProxies->handle()
#70 C:/Users/richm/Downloads/tonetor-core-booking-system/tonetor-core-v4.0.2/tonetor-core-v4.0.2/bc-cms/vendor/laravel/framework/src/Illuminate/Foundation/Http/Middleware/InvokeDeferredCallbacks.php(22): Illuminate/Pipeline/Pipeline->{closure:{closure:Illuminate/Pipeline/Pipeline::carry():194}:195}()
#71 C:/Users/richm/Downloads/tonetor-core-booking-system/tonetor-core-v4.0.2/tonetor-core-v4.0.2/bc-cms/vendor/laravel/framework/src/Illuminate/Pipeline/Pipeline.php(219): Illuminate/Foundation/Http/Middleware/InvokeDeferredCallbacks->handle()
#72 C:/Users/richm/Downloads/tonetor-core-booking-system/tonetor-core-v4.0.2/tonetor-core-v4.0.2/bc-cms/vendor/laravel/framework/src/Illuminate/Http/Middleware/ValidatePathEncoding.php(26): Illuminate/Pipeline/Pipeline->{closure:{closure:Illuminate/Pipeline/Pipeline::carry():194}:195}()
#73 C:/Users/richm/Downloads/tonetor-core-booking-system/tonetor-core-v4.0.2/tonetor-core-v4.0.2/bc-cms/vendor/laravel/framework/src/Illuminate/Pipeline/Pipeline.php(219): Illuminate/Http/Middleware/ValidatePathEncoding->handle()
#74 C:/Users/richm/Downloads/tonetor-core-booking-system/tonetor-core-v4.0.2/tonetor-core-v4.0.2/bc-cms/vendor/laravel/framework/src/Illuminate/Pipeline/Pipeline.php(137): Illuminate/Pipeline/Pipeline->{closure:{closure:Illuminate/Pipeline/Pipeline::carry():194}:195}()
#75 C:/Users/richm/Downloads/tonetor-core-booking-system/tonetor-core-v4.0.2/tonetor-core-v4.0.2/bc-cms/vendor/laravel/framework/src/Illuminate/Foundation/Http/Kernel.php(175): Illuminate/Pipeline/Pipeline->then()
#76 C:/Users/richm/Downloads/tonetor-core-booking-system/tonetor-core-v4.0.2/tonetor-core-v4.0.2/bc-cms/vendor/laravel/framework/src/Illuminate/Foundation/Http/Kernel.php(144): Illuminate/Foundation/Http/Kernel->sendRequestThroughRouter()
#77 C:/Users/richm/Downloads/tonetor-core-booking-system/tonetor-core-v4.0.2/tonetor-core-v4.0.2/bc-cms/vendor/laravel/framework/src/Illuminate/Foundation/Application.php(1220): Illuminate/Foundation/Http/Kernel->handle()
#78 C:/Users/richm/Downloads/tonetor-core-booking-system/tonetor-core-v4.0.2/tonetor-core-v4.0.2/public_html/index.php(84): Illuminate/Foundation/Application->handleRequest()
#79 C:/Users/richm/Downloads/tonetor-core-booking-system/tonetor-core-v4.0.2/tonetor-core-v4.0.2/bc-cms/server.php(21): require_once('...')
#80 {main}

[previous exception] [object] (PDOException(code: 2002): SQLSTATE[HY000] [2002] No connection could be made because the target machine actively refused it at C:/Users/richm/Downloads/tonetor-core-booking-system/tonetor-core-v4.0.2/tonetor-core-v4.0.2/bc-cms/vendor/laravel/framework/src/Illuminate/Database/Connectors/Connector.php:67)
[stacktrace]
#0 C:/Users/richm/Downloads/tonetor-core-booking-system/tonetor-core-v4.0.2/tonetor-core-v4.0.2/bc-cms/vendor/laravel/framework/src/Illuminate/Database/Connectors/Connector.php(67): PDO::connect()
#1 C:/Users/richm/Downloads/tonetor-core-booking-system/tonetor-core-v4.0.2/tonetor-core-v4.0.2/bc-cms/vendor/laravel/framework/src/Illuminate/Database/Connectors/Connector.php(85): Illuminate/Database/Connectors/Connector->createPdoConnection()
#2 C:/Users/richm/Downloads/tonetor-core-booking-system/tonetor-core-v4.0.2/tonetor-core-v4.0.2/bc-cms/vendor/laravel/framework/src/Illuminate/Database/Connectors/Connector.php(48): Illuminate/Database/Connectors/Connector->tryAgainIfCausedByLostConnection()
#3 C:/Users/richm/Downloads/tonetor-core-booking-system/tonetor-core-v4.0.2/tonetor-core-v4.0.2/bc-cms/vendor/laravel/framework/src/Illuminate/Database/Connectors/MySqlConnector.php(24): Illuminate/Database/Connectors/Connector->createConnection()
#4 C:/Users/richm/Downloads/tonetor-core-booking-system/tonetor-core-v4.0.2/tonetor-core-v4.0.2/bc-cms/vendor/laravel/framework/src/Illuminate/Database/Connectors/ConnectionFactory.php(186): Illuminate/Database/Connectors/MySqlConnector->connect()
#5 [internal function]: Illuminate/Database/Connectors/ConnectionFactory->{closure:Illuminate/Database/Connectors/ConnectionFactory::createPdoResolverWithHosts():181}()
#6 C:/Users/richm/Downloads/tonetor-core-booking-system/tonetor-core-v4.0.2/tonetor-core-v4.0.2/bc-cms/vendor/laravel/framework/src/Illuminate/Database/Connection.php(1257): call_user_func()
#7 C:/Users/richm/Downloads/tonetor-core-booking-system/tonetor-core-v4.0.2/tonetor-core-v4.0.2/bc-cms/vendor/laravel/framework/src/Illuminate/Database/Connection.php(1295): Illuminate/Database/Connection->getPdo()
#8 C:/Users/richm/Downloads/tonetor-core-booking-system/tonetor-core-v4.0.2/tonetor-core-v4.0.2/bc-cms/vendor/laravel/framework/src/Illuminate/Database/Connection.php(525): Illuminate/Database/Connection->getReadPdo()
#9 C:/Users/richm/Downloads/tonetor-core-booking-system/tonetor-core-v4.0.2/tonetor-core-v4.0.2/bc-cms/vendor/laravel/framework/src/Illuminate/Database/Connection.php(420): Illuminate/Database/Connection->getPdoForSelect()
#10 C:/Users/richm/Downloads/tonetor-core-booking-system/tonetor-core-v4.0.2/tonetor-core-v4.0.2/bc-cms/vendor/laravel/framework/src/Illuminate/Database/Connection.php(827): Illuminate/Database/Connection->{closure:Illuminate/Database/Connection::select():411}()
#11 C:/Users/richm/Downloads/tonetor-core-booking-system/tonetor-core-v4.0.2/tonetor-core-v4.0.2/bc-cms/vendor/laravel/framework/src/Illuminate/Database/Connection.php(999): Illuminate/Database/Connection->runQueryCallback()
#12 C:/Users/richm/Downloads/tonetor-core-booking-system/tonetor-core-v4.0.2/tonetor-core-v4.0.2/bc-cms/vendor/laravel/framework/src/Illuminate/Database/Connection.php(978): Illuminate/Database/Connection->tryAgainIfCausedByLostConnection()
#13 C:/Users/richm/Downloads/tonetor-core-booking-system/tonetor-core-v4.0.2/tonetor-core-v4.0.2/bc-cms/vendor/laravel/framework/src/Illuminate/Database/Connection.php(796): Illuminate/Database/Connection->handleQueryException()
#14 C:/Users/richm/Downloads/tonetor-core-booking-system/tonetor-core-v4.0.2/tonetor-core-v4.0.2/bc-cms/vendor/laravel/framework/src/Illuminate/Database/Connection.php(411): Illuminate/Database/Connection->run()
#15 C:/Users/richm/Downloads/tonetor-core-booking-system/tonetor-core-v4.0.2/tonetor-core-v4.0.2/bc-cms/vendor/laravel/framework/src/Illuminate/Database/Query/Builder.php(3475): Illuminate/Database/Connection->select()
#16 C:/Users/richm/Downloads/tonetor-core-booking-system/tonetor-core-v4.0.2/tonetor-core-v4.0.2/bc-cms/vendor/laravel/framework/src/Illuminate/Database/Query/Builder.php(3460): Illuminate/Database/Query/Builder->runSelect()
#17 C:/Users/richm/Downloads/tonetor-core-booking-system/tonetor-core-v4.0.2/tonetor-core-v4.0.2/bc-cms/vendor/laravel/framework/src/Illuminate/Database/Query/Builder.php(4050): Illuminate/Database/Query/Builder->{closure:Illuminate/Database/Query/Builder::get():3459}()
#18 C:/Users/richm/Downloads/tonetor-core-booking-system/tonetor-core-v4.0.2/tonetor-core-v4.0.2/bc-cms/vendor/laravel/framework/src/Illuminate/Database/Query/Builder.php(3459): Illuminate/Database/Query/Builder->onceWithColumns()
#19 C:/Users/richm/Downloads/tonetor-core-booking-system/tonetor-core-v4.0.2/tonetor-core-v4.0.2/bc-cms/vendor/laravel/framework/src/Illuminate/Database/Eloquent/Builder.php(902): Illuminate/Database/Query/Builder->get()
#20 C:/Users/richm/Downloads/tonetor-core-booking-system/tonetor-core-v4.0.2/tonetor-core-v4.0.2/bc-cms/vendor/laravel/framework/src/Illuminate/Database/Eloquent/Builder.php(884): Illuminate/Database/Eloquent/Builder->getModels()
#21 C:/Users/richm/Downloads/tonetor-core-booking-system/tonetor-core-v4.0.2/tonetor-core-v4.0.2/bc-cms/vendor/laravel/framework/src/Illuminate/Database/Concerns/BuildsQueries.php(366): Illuminate/Database/Eloquent/Builder->get()
#22 C:/Users/richm/Downloads/tonetor-core-booking-system/tonetor-core-v4.0.2/tonetor-core-v4.0.2/bc-cms/app/Http/Controllers/HomeController.php(37): Illuminate/Database/Eloquent/Builder->first()
#23 C:/Users/richm/Downloads/tonetor-core-booking-system/tonetor-core-v4.0.2/tonetor-core-v4.0.2/bc-cms/vendor/laravel/framework/src/Illuminate/Routing/Controller.php(54): App/Http/Controllers/HomeController->index()
#24 C:/Users/richm/Downloads/tonetor-core-booking-system/tonetor-core-v4.0.2/tonetor-core-v4.0.2/bc-cms/vendor/laravel/framework/src/Illuminate/Routing/ControllerDispatcher.php(43): Illuminate/Routing/Controller->callAction()
#25 C:/Users/richm/Downloads/tonetor-core-booking-system/tonetor-core-v4.0.2/tonetor-core-v4.0.2/bc-cms/vendor/laravel/framework/src/Illuminate/Routing/Route.php(265): Illuminate/Routing/ControllerDispatcher->dispatch()
#26 C:/Users/richm/Downloads/tonetor-core-booking-system/tonetor-core-v4.0.2/tonetor-core-v4.0.2/bc-cms/vendor/laravel/framework/src/Illuminate/Routing/Route.php(211): Illuminate/Routing/Route->runController()
#27 C:/Users/richm/Downloads/tonetor-core-booking-system/tonetor-core-v4.0.2/tonetor-core-v4.0.2/bc-cms/vendor/laravel/framework/src/Illuminate/Routing/Router.php(822): Illuminate/Routing/Route->run()
#28 C:/Users/richm/Downloads/tonetor-core-booking-system/tonetor-core-v4.0.2/tonetor-core-v4.0.2/bc-cms/vendor/laravel/framework/src/Illuminate/Pipeline/Pipeline.php(180): Illuminate/Routing/Router->{closure:Illuminate/Routing/Router::runRouteWithinStack():821}()
#29 C:/Users/richm/Downloads/tonetor-core-booking-system/tonetor-core-v4.0.2/tonetor-core-v4.0.2/bc-cms/vendor/barryvdh/laravel-debugbar/src/Middleware/InjectDebugbar.php(59): Illuminate/Pipeline/Pipeline->{closure:Illuminate/Pipeline/Pipeline::prepareDestination():178}()
#30 C:/Users/richm/Downloads/tonetor-core-booking-system/tonetor-core-v4.0.2/tonetor-core-v4.0.2/bc-cms/vendor/laravel/framework/src/Illuminate/Pipeline/Pipeline.php(219): Barryvdh/Debugbar/Middleware/InjectDebugbar->handle()
#31 C:/Users/richm/Downloads/tonetor-core-booking-system/tonetor-core-v4.0.2/tonetor-core-v4.0.2/bc-cms/app/Http/Middleware/RequireChangePassword.php(41): Illuminate/Pipeline/Pipeline->{closure:{closure:Illuminate/Pipeline/Pipeline::carry():194}:195}()
#32 C:/Users/richm/Downloads/tonetor-core-booking-system/tonetor-core-v4.0.2/tonetor-core-v4.0.2/bc-cms/vendor/laravel/framework/src/Illuminate/Pipeline/Pipeline.php(219): App/Http/Middleware/RequireChangePassword->handle()
#33 C:/Users/richm/Downloads/tonetor-core-booking-system/tonetor-core-v4.0.2/tonetor-core-v4.0.2/bc-cms/app/Http/Middleware/SetCurrentCurrency.php(48): Illuminate/Pipeline/Pipeline->{closure:{closure:Illuminate/Pipeline/Pipeline::carry():194}:195}()
#34 C:/Users/richm/Downloads/tonetor-core-booking-system/tonetor-core-v4.0.2/tonetor-core-v4.0.2/bc-cms/vendor/laravel/framework/src/Illuminate/Pipeline/Pipeline.php(219): App/Http/Middleware/SetCurrentCurrency->handle()
#35 C:/Users/richm/Downloads/tonetor-core-booking-system/tonetor-core-v4.0.2/tonetor-core-v4.0.2/bc-cms/app/Http/Middleware/SetLanguageForAdmin.php(37): Illuminate/Pipeline/Pipeline->{closure:{closure:Illuminate/Pipeline/Pipeline::carry():194}:195}()
#36 C:/Users/richm/Downloads/tonetor-core-booking-system/tonetor-core-v4.0.2/tonetor-core-v4.0.2/bc-cms/vendor/laravel/framework/src/Illuminate/Pipeline/Pipeline.php(219): App/Http/Middleware/SetLanguageForAdmin->handle()
#37 C:/Users/richm/Downloads/tonetor-core-booking-system/tonetor-core-v4.0.2/tonetor-core-v4.0.2/bc-cms/app/Http/Middleware/RedirectForMultiLanguage.php(58): Illuminate/Pipeline/Pipeline->{closure:{closure:Illuminate/Pipeline/Pipeline::carry():194}:195}()
#38 C:/Users/richm/Downloads/tonetor-core-booking-system/tonetor-core-v4.0.2/tonetor-core-v4.0.2/bc-cms/vendor/laravel/framework/src/Illuminate/Pipeline/Pipeline.php(219): App/Http/Middleware/RedirectForMultiLanguage->handle()
#39 C:/Users/richm/Downloads/tonetor-core-booking-system/tonetor-core-v4.0.2/tonetor-core-v4.0.2/bc-cms/vendor/laravel/framework/src/Illuminate/Routing/Middleware/SubstituteBindings.php(50): Illuminate/Pipeline/Pipeline->{closure:{closure:Illuminate/Pipeline/Pipeline::carry():194}:195}()
#40 C:/Users/richm/Downloads/tonetor-core-booking-system/tonetor-core-v4.0.2/tonetor-core-v4.0.2/bc-cms/vendor/laravel/framework/src/Illuminate/Pipeline/Pipeline.php(219): Illuminate/Routing/Middleware/SubstituteBindings->handle()
#41 C:/Users/richm/Downloads/tonetor-core-booking-system/tonetor-core-v4.0.2/tonetor-core-v4.0.2/bc-cms/vendor/laravel/framework/src/Illuminate/Foundation/Http/Middleware/VerifyCsrfToken.php(87): Illuminate/Pipeline/Pipeline->{closure:{closure:Illuminate/Pipeline/Pipeline::carry():194}:195}()
#42 C:/Users/richm/Downloads/tonetor-core-booking-system/tonetor-core-v4.0.2/tonetor-core-v4.0.2/bc-cms/vendor/laravel/framework/src/Illuminate/Pipeline/Pipeline.php(219): Illuminate/Foundation/Http/Middleware/VerifyCsrfToken->handle()
#43 C:/Users/richm/Downloads/tonetor-core-booking-system/tonetor-core-v4.0.2/tonetor-core-v4.0.2/bc-cms/vendor/laravel/framework/src/Illuminate/View/Middleware/ShareErrorsFromSession.php(48): Illuminate/Pipeline/Pipeline->{closure:{closure:Illuminate/Pipeline/Pipeline::carry():194}:195}()
#44 C:/Users/richm/Downloads/tonetor-core-booking-system/tonetor-core-v4.0.2/tonetor-core-v4.0.2/bc-cms/vendor/laravel/framework/src/Illuminate/Pipeline/Pipeline.php(219): Illuminate/View/Middleware/ShareErrorsFromSession->handle()
#45 C:/Users/richm/Downloads/tonetor-core-booking-system/tonetor-core-v4.0.2/tonetor-core-v4.0.2/bc-cms/vendor/laravel/framework/src/Illuminate/Session/Middleware/StartSession.php(120): Illuminate/Pipeline/Pipeline->{closure:{closure:Illuminate/Pipeline/Pipeline::carry():194}:195}()
#46 C:/Users/richm/Downloads/tonetor-core-booking-system/tonetor-core-v4.0.2/tonetor-core-v4.0.2/bc-cms/vendor/laravel/framework/src/Illuminate/Session/Middleware/StartSession.php(63): Illuminate/Session/Middleware/StartSession->handleStatefulRequest()
#47 C:/Users/richm/Downloads/tonetor-core-booking-system/tonetor-core-v4.0.2/tonetor-core-v4.0.2/bc-cms/vendor/laravel/framework/src/Illuminate/Pipeline/Pipeline.php(219): Illuminate/Session/Middleware/StartSession->handle()
#48 C:/Users/richm/Downloads/tonetor-core-booking-system/tonetor-core-v4.0.2/tonetor-core-v4.0.2/bc-cms/vendor/laravel/framework/src/Illuminate/Cookie/Middleware/AddQueuedCookiesToResponse.php(36): Illuminate/Pipeline/Pipeline->{closure:{closure:Illuminate/Pipeline/Pipeline::carry():194}:195}()
#49 C:/Users/richm/Downloads/tonetor-core-booking-system/tonetor-core-v4.0.2/tonetor-core-v4.0.2/bc-cms/vendor/laravel/framework/src/Illuminate/Pipeline/Pipeline.php(219): Illuminate/Cookie/Middleware/AddQueuedCookiesToResponse->handle()
#50 C:/Users/richm/Downloads/tonetor-core-booking-system/tonetor-core-v4.0.2/tonetor-core-v4.0.2/bc-cms/vendor/laravel/framework/src/Illuminate/Cookie/Middleware/EncryptCookies.php(74): Illuminate/Pipeline/Pipeline->{closure:{closure:Illuminate/Pipeline/Pipeline::carry():194}:195}()
#51 C:/Users/richm/Downloads/tonetor-core-booking-system/tonetor-core-v4.0.2/tonetor-core-v4.0.2/bc-cms/vendor/laravel/framework/src/Illuminate/Pipeline/Pipeline.php(219): Illuminate/Cookie/Middleware/EncryptCookies->handle()
#52 C:/Users/richm/Downloads/tonetor-core-booking-system/tonetor-core-v4.0.2/tonetor-core-v4.0.2/bc-cms/vendor/laravel/framework/src/Illuminate/Pipeline/Pipeline.php(137): Illuminate/Pipeline/Pipeline->{closure:{closure:Illuminate/Pipeline/Pipeline::carry():194}:195}()
#53 C:/Users/richm/Downloads/tonetor-core-booking-system/tonetor-core-v4.0.2/tonetor-core-v4.0.2/bc-cms/vendor/laravel/framework/src/Illuminate/Routing/Router.php(821): Illuminate/Pipeline/Pipeline->then()
#54 C:/Users/richm/Downloads/tonetor-core-booking-system/tonetor-core-v4.0.2/tonetor-core-v4.0.2/bc-cms/vendor/laravel/framework/src/Illuminate/Routing/Router.php(800): Illuminate/Routing/Router->runRouteWithinStack()
#55 C:/Users/richm/Downloads/tonetor-core-booking-system/tonetor-core-v4.0.2/tonetor-core-v4.0.2/bc-cms/vendor/laravel/framework/src/Illuminate/Routing/Router.php(764): Illuminate/Routing/Router->runRoute()
#56 C:/Users/richm/Downloads/tonetor-core-booking-system/tonetor-core-v4.0.2/tonetor-core-v4.0.2/bc-cms/vendor/laravel/framework/src/Illuminate/Routing/Router.php(753): Illuminate/Routing/Router->dispatchToRoute()
#57 C:/Users/richm/Downloads/tonetor-core-booking-system/tonetor-core-v4.0.2/tonetor-core-v4.0.2/bc-cms/vendor/laravel/framework/src/Illuminate/Foundation/Http/Kernel.php(200): Illuminate/Routing/Router->dispatch()
#58 C:/Users/richm/Downloads/tonetor-core-booking-system/tonetor-core-v4.0.2/tonetor-core-v4.0.2/bc-cms/vendor/laravel/framework/src/Illuminate/Pipeline/Pipeline.php(180): Illuminate/Foundation/Http/Kernel->{closure:Illuminate/Foundation/Http/Kernel::dispatchToRouter():197}()
#59 C:/Users/richm/Downloads/tonetor-core-booking-system/tonetor-core-v4.0.2/tonetor-core-v4.0.2/bc-cms/themes/Base/Core/Middleware/RunUpdater.php(77): Illuminate/Pipeline/Pipeline->{closure:Illuminate/Pipeline/Pipeline::prepareDestination():178}()
#60 C:/Users/richm/Downloads/tonetor-core-booking-system/tonetor-core-v4.0.2/tonetor-core-v4.0.2/bc-cms/vendor/laravel/framework/src/Illuminate/Pipeline/Pipeline.php(219): Themes/Base/Core/Middleware/RunUpdater->handle()
#61 C:/Users/richm/Downloads/tonetor-core-booking-system/tonetor-core-v4.0.2/tonetor-core-v4.0.2/bc-cms/vendor/livewire/livewire/src/Features/SupportDisablingBackButtonCache/DisableBackButtonCacheMiddleware.php(19): Illuminate/Pipeline/Pipeline->{closure:{closure:Illuminate/Pipeline/Pipeline::carry():194}:195}()
#62 C:/Users/richm/Downloads/tonetor-core-booking-system/tonetor-core-v4.0.2/tonetor-core-v4.0.2/bc-cms/vendor/laravel/framework/src/Illuminate/Pipeline/Pipeline.php(219): Livewire/Features/SupportDisablingBackButtonCache/DisableBackButtonCacheMiddleware->handle()
#63 C:/Users/richm/Downloads/tonetor-core-booking-system/tonetor-core-v4.0.2/tonetor-core-v4.0.2/bc-cms/vendor/barryvdh/laravel-debugbar/src/Middleware/InjectDebugbar.php(59): Illuminate/Pipeline/Pipeline->{closure:{closure:Illuminate/Pipeline/Pipeline::carry():194}:195}()
#64 C:/Users/richm/Downloads/tonetor-core-booking-system/tonetor-core-v4.0.2/tonetor-core-v4.0.2/bc-cms/vendor/laravel/framework/src/Illuminate/Pipeline/Pipeline.php(219): Barryvdh/Debugbar/Middleware/InjectDebugbar->handle()
#65 C:/Users/richm/Downloads/tonetor-core-booking-system/tonetor-core-v4.0.2/tonetor-core-v4.0.2/bc-cms/app/Http/Middleware/RedirectToInstaller.php(40): Illuminate/Pipeline/Pipeline->{closure:{closure:Illuminate/Pipeline/Pipeline::carry():194}:195}()
#66 C:/Users/richm/Downloads/tonetor-core-booking-system/tonetor-core-v4.0.2/tonetor-core-v4.0.2/bc-cms/vendor/laravel/framework/src/Illuminate/Pipeline/Pipeline.php(219): App/Http/Middleware/RedirectToInstaller->handle()
#67 C:/Users/richm/Downloads/tonetor-core-booking-system/tonetor-core-v4.0.2/tonetor-core-v4.0.2/bc-cms/vendor/laravel/framework/src/Illuminate/Foundation/Http/Middleware/TransformsRequest.php(21): Illuminate/Pipeline/Pipeline->{closure:{closure:Illuminate/Pipeline/Pipeline::carry():194}:195}()
#68 C:/Users/richm/Downloads/tonetor-core-booking-system/tonetor-core-v4.0.2/tonetor-core-v4.0.2/bc-cms/vendor/laravel/framework/src/Illuminate/Foundation/Http/Middleware/ConvertEmptyStringsToNull.php(31): Illuminate/Foundation/Http/Middleware/TransformsRequest->handle()
#69 C:/Users/richm/Downloads/tonetor-core-booking-system/tonetor-core-v4.0.2/tonetor-core-v4.0.2/bc-cms/vendor/laravel/framework/src/Illuminate/Pipeline/Pipeline.php(219): Illuminate/Foundation/Http/Middleware/ConvertEmptyStringsToNull->handle()
#70 C:/Users/richm/Downloads/tonetor-core-booking-system/tonetor-core-v4.0.2/tonetor-core-v4.0.2/bc-cms/vendor/laravel/framework/src/Illuminate/Foundation/Http/Middleware/TransformsRequest.php(21): Illuminate/Pipeline/Pipeline->{closure:{closure:Illuminate/Pipeline/Pipeline::carry():194}:195}()
#71 C:/Users/richm/Downloads/tonetor-core-booking-system/tonetor-core-v4.0.2/tonetor-core-v4.0.2/bc-cms/vendor/laravel/framework/src/Illuminate/Foundation/Http/Middleware/TrimStrings.php(51): Illuminate/Foundation/Http/Middleware/TransformsRequest->handle()
#72 C:/Users/richm/Downloads/tonetor-core-booking-system/tonetor-core-v4.0.2/tonetor-core-v4.0.2/bc-cms/vendor/laravel/framework/src/Illuminate/Pipeline/Pipeline.php(219): Illuminate/Foundation/Http/Middleware/TrimStrings->handle()
#73 C:/Users/richm/Downloads/tonetor-core-booking-system/tonetor-core-v4.0.2/tonetor-core-v4.0.2/bc-cms/vendor/laravel/framework/src/Illuminate/Http/Middleware/ValidatePostSize.php(27): Illuminate/Pipeline/Pipeline->{closure:{closure:Illuminate/Pipeline/Pipeline::carry():194}:195}()
#74 C:/Users/richm/Downloads/tonetor-core-booking-system/tonetor-core-v4.0.2/tonetor-core-v4.0.2/bc-cms/vendor/laravel/framework/src/Illuminate/Pipeline/Pipeline.php(219): Illuminate/Http/Middleware/ValidatePostSize->handle()
#75 C:/Users/richm/Downloads/tonetor-core-booking-system/tonetor-core-v4.0.2/tonetor-core-v4.0.2/bc-cms/vendor/laravel/framework/src/Illuminate/Foundation/Http/Middleware/PreventRequestsDuringMaintenance.php(109): Illuminate/Pipeline/Pipeline->{closure:{closure:Illuminate/Pipeline/Pipeline::carry():194}:195}()
#76 C:/Users/richm/Downloads/tonetor-core-booking-system/tonetor-core-v4.0.2/tonetor-core-v4.0.2/bc-cms/vendor/laravel/framework/src/Illuminate/Pipeline/Pipeline.php(219): Illuminate/Foundation/Http/Middleware/PreventRequestsDuringMaintenance->handle()
#77 C:/Users/richm/Downloads/tonetor-core-booking-system/tonetor-core-v4.0.2/tonetor-core-v4.0.2/bc-cms/vendor/laravel/framework/src/Illuminate/Http/Middleware/HandleCors.php(61): Illuminate/Pipeline/Pipeline->{closure:{closure:Illuminate/Pipeline/Pipeline::carry():194}:195}()
#78 C:/Users/richm/Downloads/tonetor-core-booking-system/tonetor-core-v4.0.2/tonetor-core-v4.0.2/bc-cms/vendor/laravel/framework/src/Illuminate/Pipeline/Pipeline.php(219): Illuminate/Http/Middleware/HandleCors->handle()
#79 C:/Users/richm/Downloads/tonetor-core-booking-system/tonetor-core-v4.0.2/tonetor-core-v4.0.2/bc-cms/vendor/laravel/framework/src/Illuminate/Http/Middleware/TrustProxies.php(58): Illuminate/Pipeline/Pipeline->{closure:{closure:Illuminate/Pipeline/Pipeline::carry():194}:195}()
#80 C:/Users/richm/Downloads/tonetor-core-booking-system/tonetor-core-v4.0.2/tonetor-core-v4.0.2/bc-cms/vendor/laravel/framework/src/Illuminate/Pipeline/Pipeline.php(219): Illuminate/Http/Middleware/TrustProxies->handle()
#81 C:/Users/richm/Downloads/tonetor-core-booking-system/tonetor-core-v4.0.2/tonetor-core-v4.0.2/bc-cms/vendor/laravel/framework/src/Illuminate/Foundation/Http/Middleware/InvokeDeferredCallbacks.php(22): Illuminate/Pipeline/Pipeline->{closure:{closure:Illuminate/Pipeline/Pipeline::carry():194}:195}()
#82 C:/Users/richm/Downloads/tonetor-core-booking-system/tonetor-core-v4.0.2/tonetor-core-v4.0.2/bc-cms/vendor/laravel/framework/src/Illuminate/Pipeline/Pipeline.php(219): Illuminate/Foundation/Http/Middleware/InvokeDeferredCallbacks->handle()
#83 C:/Users/richm/Downloads/tonetor-core-booking-system/tonetor-core-v4.0.2/tonetor-core-v4.0.2/bc-cms/vendor/laravel/framework/src/Illuminate/Http/Middleware/ValidatePathEncoding.php(26): Illuminate/Pipeline/Pipeline->{closure:{closure:Illuminate/Pipeline/Pipeline::carry():194}:195}()
#84 C:/Users/richm/Downloads/tonetor-core-booking-system/tonetor-core-v4.0.2/tonetor-core-v4.0.2/bc-cms/vendor/laravel/framework/src/Illuminate/Pipeline/Pipeline.php(219): Illuminate/Http/Middleware/ValidatePathEncoding->handle()
#85 C:/Users/richm/Downloads/tonetor-core-booking-system/tonetor-core-v4.0.2/tonetor-core-v4.0.2/bc-cms/vendor/laravel/framework/src/Illuminate/Pipeline/Pipeline.php(137): Illuminate/Pipeline/Pipeline->{closure:{closure:Illuminate/Pipeline/Pipeline::carry():194}:195}()
#86 C:/Users/richm/Downloads/tonetor-core-booking-system/tonetor-core-v4.0.2/tonetor-core-v4.0.2/bc-cms/vendor/laravel/framework/src/Illuminate/Foundation/Http/Kernel.php(175): Illuminate/Pipeline/Pipeline->then()
#87 C:/Users/richm/Downloads/tonetor-core-booking-system/tonetor-core-v4.0.2/tonetor-core-v4.0.2/bc-cms/vendor/laravel/framework/src/Illuminate/Foundation/Http/Kernel.php(144): Illuminate/Foundation/Http/Kernel->sendRequestThroughRouter()
#88 C:/Users/richm/Downloads/tonetor-core-booking-system/tonetor-core-v4.0.2/tonetor-core-v4.0.2/bc-cms/vendor/laravel/framework/src/Illuminate/Foundation/Application.php(1220): Illuminate/Foundation/Http/Kernel->handle()
#89 C:/Users/richm/Downloads/tonetor-core-booking-system/tonetor-core-v4.0.2/tonetor-core-v4.0.2/public_html/index.php(84): Illuminate/Foundation/Application->handleRequest()
#90 C:/Users/richm/Downloads/tonetor-core-booking-system/tonetor-core-v4.0.2/tonetor-core-v4.0.2/bc-cms/server.php(21): require_once('...')
#91 {main}
"} 
[2026-03-15 18:23:54] production.ERROR: SQLSTATE[HY000] [2002] No connection could be made because the target machine actively refused it (Connection: mysql, Host: 127.0.0.1, Port: 3306, Database: booking_core, SQL: select * from `core_menu_translations` where `core_menu_translations`.`origin_id` = 1 and `core_menu_translations`.`origin_id` is not null and `locale` = en limit 1) {"view":{"view":"C:\\Users\\richm\\Downloads\\tonetor-core-booking-system\\tonetor-core-v4.0.2\\tonetor-core-v4.0.2\\bc-cms\\themes\\BC\\Layout\\parts\\header.blade.php","data":[]},"exception":"[object] (Spatie\\LaravelIgnition\\Exceptions\\ViewException(code: 0): SQLSTATE[HY000] [2002] No connection could be made because the target machine actively refused it (Connection: mysql, Host: 127.0.0.1, Port: 3306, Database: booking_core, SQL: select * from `core_menu_translations` where `core_menu_translations`.`origin_id` = 1 and `core_menu_translations`.`origin_id` is not null and `locale` = en limit 1) at C:/Users/richm/Downloads/tonetor-core-booking-system/tonetor-core-v4.0.2/tonetor-core-v4.0.2/bc-cms/vendor/laravel/framework/src/Illuminate/Database/Connection.php:838)
[stacktrace]
#0 C:/Users/richm/Downloads/tonetor-core-booking-system/tonetor-core-v4.0.2/tonetor-core-v4.0.2/bc-cms/vendor/laravel/framework/src/Illuminate/Database/Connection.php(999): Illuminate/Database/Connection->runQueryCallback()
#1 C:/Users/richm/Downloads/tonetor-core-booking-system/tonetor-core-v4.0.2/tonetor-core-v4.0.2/bc-cms/vendor/laravel/framework/src/Illuminate/Database/Connection.php(978): Illuminate/Database/Connection->tryAgainIfCausedByLostConnection()
#2 C:/Users/richm/Downloads/tonetor-core-booking-system/tonetor-core-v4.0.2/tonetor-core-v4.0.2/bc-cms/vendor/laravel/framework/src/Illuminate/Database/Connection.php(796): Illuminate/Database/Connection->handleQueryException()
#3 C:/Users/richm/Downloads/tonetor-core-booking-system/tonetor-core-v4.0.2/tonetor-core-v4.0.2/bc-cms/vendor/laravel/framework/src/Illuminate/Database/Connection.php(411): Illuminate/Database/Connection->run()
#4 C:/Users/richm/Downloads/tonetor-core-booking-system/tonetor-core-v4.0.2/tonetor-core-v4.0.2/bc-cms/vendor/laravel/framework/src/Illuminate/Database/Query/Builder.php(3475): Illuminate/Database/Connection->select()
#5 C:/Users/richm/Downloads/tonetor-core-booking-system/tonetor-core-v4.0.2/tonetor-core-v4.0.2/bc-cms/vendor/laravel/framework/src/Illuminate/Database/Query/Builder.php(3460): Illuminate/Database/Query/Builder->runSelect()
#6 C:/Users/richm/Downloads/tonetor-core-booking-system/tonetor-core-v4.0.2/tonetor-core-v4.0.2/bc-cms/vendor/laravel/framework/src/Illuminate/Database/Query/Builder.php(4050): Illuminate/Database/Query/Builder->{closure:Illuminate/Database/Query/Builder::get():3459}()
#7 C:/Users/richm/Downloads/tonetor-core-booking-system/tonetor-core-v4.0.2/tonetor-core-v4.0.2/bc-cms/vendor/laravel/framework/src/Illuminate/Database/Query/Builder.php(3459): Illuminate/Database/Query/Builder->onceWithColumns()
#8 C:/Users/richm/Downloads/tonetor-core-booking-system/tonetor-core-v4.0.2/tonetor-core-v4.0.2/bc-cms/vendor/laravel/framework/src/Illuminate/Database/Eloquent/Builder.php(902): Illuminate/Database/Query/Builder->get()
#9 C:/Users/richm/Downloads/tonetor-core-booking-system/tonetor-core-v4.0.2/tonetor-core-v4.0.2/bc-cms/vendor/laravel/framework/src/Illuminate/Database/Eloquent/Builder.php(884): Illuminate/Database/Eloquent/Builder->getModels()
#10 C:/Users/richm/Downloads/tonetor-core-booking-system/tonetor-core-v4.0.2/tonetor-core-v4.0.2/bc-cms/vendor/laravel/framework/src/Illuminate/Database/Concerns/BuildsQueries.php(366): Illuminate/Database/Eloquent/Builder->get()
#11 C:/Users/richm/Downloads/tonetor-core-booking-system/tonetor-core-v4.0.2/tonetor-core-v4.0.2/bc-cms/vendor/laravel/framework/src/Illuminate/Database/Eloquent/Relations/HasOne.php(31): Illuminate/Database/Eloquent/Builder->first()
#12 C:/Users/richm/Downloads/tonetor-core-booking-system/tonetor-core-v4.0.2/tonetor-core-v4.0.2/bc-cms/vendor/laravel/framework/src/Illuminate/Database/Eloquent/Concerns/HasAttributes.php(637): Illuminate/Database/Eloquent/Relations/HasOne->getResults()
#13 C:/Users/richm/Downloads/tonetor-core-booking-system/tonetor-core-v4.0.2/tonetor-core-v4.0.2/bc-cms/vendor/laravel/framework/src/Illuminate/Database/Eloquent/Concerns/HasAttributes.php(575): Illuminate/Database/Eloquent/Model->getRelationshipFromMethod()
#14 C:/Users/richm/Downloads/tonetor-core-booking-system/tonetor-core-v4.0.2/tonetor-core-v4.0.2/bc-cms/vendor/laravel/framework/src/Illuminate/Database/Eloquent/Concerns/HasAttributes.php(494): Illuminate/Database/Eloquent/Model->getRelationValue()
#15 C:/Users/richm/Downloads/tonetor-core-booking-system/tonetor-core-v4.0.2/tonetor-core-v4.0.2/bc-cms/vendor/laravel/framework/src/Illuminate/Database/Eloquent/Model.php(2423): Illuminate/Database/Eloquent/Model->getAttribute()
#16 C:/Users/richm/Downloads/tonetor-core-booking-system/tonetor-core-v4.0.2/tonetor-core-v4.0.2/bc-cms/app/Traits/HasTranslations.php(59): Illuminate/Database/Eloquent/Model->__get()
#17 C:/Users/richm/Downloads/tonetor-core-booking-system/tonetor-core-v4.0.2/tonetor-core-v4.0.2/bc-cms/app/Helpers/AppHelper.php(118): App/BaseModel->translate()
#18 C:/Users/richm/Downloads/tonetor-core-booking-system/tonetor-core-v4.0.2/tonetor-core-v4.0.2/bc-cms/themes/BC/Layout/parts/header.blade.php(15): generate_menu()
#19 C:/Users/richm/Downloads/tonetor-core-booking-system/tonetor-core-v4.0.2/tonetor-core-v4.0.2/bc-cms/vendor/laravel/framework/src/Illuminate/Filesystem/Filesystem.php(123): require('...')
#20 C:/Users/richm/Downloads/tonetor-core-booking-system/tonetor-core-v4.0.2/tonetor-core-v4.0.2/bc-cms/vendor/laravel/framework/src/Illuminate/Filesystem/Filesystem.php(124): Illuminate/Filesystem/Filesystem::{closure:Illuminate/Filesystem/Filesystem::getRequire():120}()
#21 C:/Users/richm/Downloads/tonetor-core-booking-system/tonetor-core-v4.0.2/tonetor-core-v4.0.2/bc-cms/vendor/laravel/framework/src/Illuminate/View/Engines/PhpEngine.php(57): Illuminate/Filesystem/Filesystem->getRequire()
#22 C:/Users/richm/Downloads/tonetor-core-booking-system/tonetor-core-v4.0.2/tonetor-core-v4.0.2/bc-cms/vendor/livewire/livewire/src/Mechanisms/ExtendBlade/ExtendedCompilerEngine.php(22): Illuminate/View/Engines/PhpEngine->evaluatePath()
#23 C:/Users/richm/Downloads/tonetor-core-booking-system/tonetor-core-v4.0.2/tonetor-core-v4.0.2/bc-cms/vendor/laravel/framework/src/Illuminate/View/Engines/CompilerEngine.php(76): Livewire/Mechanisms/ExtendBlade/ExtendedCompilerEngine->evaluatePath()
#24 C:/Users/richm/Downloads/tonetor-core-booking-system/tonetor-core-v4.0.2/tonetor-core-v4.0.2/bc-cms/vendor/livewire/livewire/src/Mechanisms/ExtendBlade/ExtendedCompilerEngine.php(10): Illuminate/View/Engines/CompilerEngine->get()
#25 C:/Users/richm/Downloads/tonetor-core-booking-system/tonetor-core-v4.0.2/tonetor-core-v4.0.2/bc-cms/vendor/laravel/framework/src/Illuminate/View/View.php(208): Livewire/Mechanisms/ExtendBlade/ExtendedCompilerEngine->get()
#26 C:/Users/richm/Downloads/tonetor-core-booking-system/tonetor-core-v4.0.2/tonetor-core-v4.0.2/bc-cms/vendor/laravel/framework/src/Illuminate/View/View.php(191): Illuminate/View/View->getContents()
#27 C:/Users/richm/Downloads/tonetor-core-booking-system/tonetor-core-v4.0.2/tonetor-core-v4.0.2/bc-cms/vendor/laravel/framework/src/Illuminate/View/View.php(160): Illuminate/View/View->renderContents()
#28 C:/Users/richm/Downloads/tonetor-core-booking-system/tonetor-core-v4.0.2/tonetor-core-v4.0.2/bc-cms/themes/BC/Layout/app.blade.php(64): Illuminate/View/View->render()
#29 C:/Users/richm/Downloads/tonetor-core-booking-system/tonetor-core-v4.0.2/tonetor-core-v4.0.2/bc-cms/vendor/laravel/framework/src/Illuminate/Filesystem/Filesystem.php(123): require('...')
#30 C:/Users/richm/Downloads/tonetor-core-booking-system/tonetor-core-v4.0.2/tonetor-core-v4.0.2/bc-cms/vendor/laravel/framework/src/Illuminate/Filesystem/Filesystem.php(124): Illuminate/Filesystem/Filesystem::{closure:Illuminate/Filesystem/Filesystem::getRequire():120}()
#31 C:/Users/richm/Downloads/tonetor-core-booking-system/tonetor-core-v4.0.2/tonetor-core-v4.0.2/bc-cms/vendor/laravel/framework/src/Illuminate/View/Engines/PhpEngine.php(57): Illuminate/Filesystem/Filesystem->getRequire()
#32 C:/Users/richm/Downloads/tonetor-core-booking-system/tonetor-core-v4.0.2/tonetor-core-v4.0.2/bc-cms/vendor/livewire/livewire/src/Mechanisms/ExtendBlade/ExtendedCompilerEngine.php(22): Illuminate/View/Engines/PhpEngine->evaluatePath()
#33 C:/Users/richm/Downloads/tonetor-core-booking-system/tonetor-core-v4.0.2/tonetor-core-v4.0.2/bc-cms/vendor/laravel/framework/src/Illuminate/View/Engines/CompilerEngine.php(76): Livewire/Mechanisms/ExtendBlade/ExtendedCompilerEngine->evaluatePath()
#34 C:/Users/richm/Downloads/tonetor-core-booking-system/tonetor-core-v4.0.2/tonetor-core-v4.0.2/bc-cms/vendor/livewire/livewire/src/Mechanisms/ExtendBlade/ExtendedCompilerEngine.php(10): Illuminate/View/Engines/CompilerEngine->get()
#35 C:/Users/richm/Downloads/tonetor-core-booking-system/tonetor-core-v4.0.2/tonetor-core-v4.0.2/bc-cms/vendor/laravel/framework/src/Illuminate/View/View.php(208): Livewire/Mechanisms/ExtendBlade/ExtendedCompilerEngine->get()
#36 C:/Users/richm/Downloads/tonetor-core-booking-system/tonetor-core-v4.0.2/tonetor-core-v4.0.2/bc-cms/vendor/laravel/framework/src/Illuminate/View/View.php(191): Illuminate/View/View->getContents()
#37 C:/Users/richm/Downloads/tonetor-core-booking-system/tonetor-core-v4.0.2/tonetor-core-v4.0.2/bc-cms/vendor/laravel/framework/src/Illuminate/View/View.php(160): Illuminate/View/View->renderContents()
#38 C:/Users/richm/Downloads/tonetor-core-booking-system/tonetor-core-v4.0.2/tonetor-core-v4.0.2/bc-cms/resources/views/layouts/app.blade.php(1): Illuminate/View/View->render()
#39 C:/Users/richm/Downloads/tonetor-core-booking-system/tonetor-core-v4.0.2/tonetor-core-v4.0.2/bc-cms/vendor/laravel/framework/src/Illuminate/Filesystem/Filesystem.php(123): require('...')
#40 C:/Users/richm/Downloads/tonetor-core-booking-system/tonetor-core-v4.0.2/tonetor-core-v4.0.2/bc-cms/vendor/laravel/framework/src/Illuminate/Filesystem/Filesystem.php(124): Illuminate/Filesystem/Filesystem::{closure:Illuminate/Filesystem/Filesystem::getRequire():120}()
#41 C:/Users/richm/Downloads/tonetor-core-booking-system/tonetor-core-v4.0.2/tonetor-core-v4.0.2/bc-cms/vendor/laravel/framework/src/Illuminate/View/Engines/PhpEngine.php(57): Illuminate/Filesystem/Filesystem->getRequire()
#42 C:/Users/richm/Downloads/tonetor-core-booking-system/tonetor-core-v4.0.2/tonetor-core-v4.0.2/bc-cms/vendor/livewire/livewire/src/Mechanisms/ExtendBlade/ExtendedCompilerEngine.php(22): Illuminate/View/Engines/PhpEngine->evaluatePath()
#43 C:/Users/richm/Downloads/tonetor-core-booking-system/tonetor-core-v4.0.2/tonetor-core-v4.0.2/bc-cms/vendor/laravel/framework/src/Illuminate/View/Engines/CompilerEngine.php(76): Livewire/Mechanisms/ExtendBlade/ExtendedCompilerEngine->evaluatePath()
#44 C:/Users/richm/Downloads/tonetor-core-booking-system/tonetor-core-v4.0.2/tonetor-core-v4.0.2/bc-cms/vendor/livewire/livewire/src/Mechanisms/ExtendBlade/ExtendedCompilerEngine.php(10): Illuminate/View/Engines/CompilerEngine->get()
#45 C:/Users/richm/Downloads/tonetor-core-booking-system/tonetor-core-v4.0.2/tonetor-core-v4.0.2/bc-cms/vendor/laravel/framework/src/Illuminate/View/View.php(208): Livewire/Mechanisms/ExtendBlade/ExtendedCompilerEngine->get()
#46 C:/Users/richm/Downloads/tonetor-core-booking-system/tonetor-core-v4.0.2/tonetor-core-v4.0.2/bc-cms/vendor/laravel/framework/src/Illuminate/View/View.php(191): Illuminate/View/View->getContents()
#47 C:/Users/richm/Downloads/tonetor-core-booking-system/tonetor-core-v4.0.2/tonetor-core-v4.0.2/bc-cms/vendor/laravel/framework/src/Illuminate/View/View.php(160): Illuminate/View/View->renderContents()
#48 C:/Users/richm/Downloads/tonetor-core-booking-system/tonetor-core-v4.0.2/tonetor-core-v4.0.2/bc-cms/themes/BC/resources/views/errors/illustrated-layout.blade.php(222): Illuminate/View/View->render()
#49 C:/Users/richm/Downloads/tonetor-core-booking-system/tonetor-core-v4.0.2/tonetor-core-v4.0.2/bc-cms/vendor/laravel/framework/src/Illuminate/Filesystem/Filesystem.php(123): require('...')
#50 C:/Users/richm/Downloads/tonetor-core-booking-system/tonetor-core-v4.0.2/tonetor-core-v4.0.2/bc-cms/vendor/laravel/framework/src/Illuminate/Filesystem/Filesystem.php(124): Illuminate/Filesystem/Filesystem::{closure:Illuminate/Filesystem/Filesystem::getRequire():120}()
#51 C:/Users/richm/Downloads/tonetor-core-booking-system/tonetor-core-v4.0.2/tonetor-core-v4.0.2/bc-cms/vendor/laravel/framework/src/Illuminate/View/Engines/PhpEngine.php(57): Illuminate/Filesystem/Filesystem->getRequire()
#52 C:/Users/richm/Downloads/tonetor-core-booking-system/tonetor-core-v4.0.2/tonetor-core-v4.0.2/bc-cms/vendor/livewire/livewire/src/Mechanisms/ExtendBlade/ExtendedCompilerEngine.php(22): Illuminate/View/Engines/PhpEngine->evaluatePath()
#53 C:/Users/richm/Downloads/tonetor-core-booking-system/tonetor-core-v4.0.2/tonetor-core-v4.0.2/bc-cms/vendor/laravel/framework/src/Illuminate/View/Engines/CompilerEngine.php(76): Livewire/Mechanisms/ExtendBlade/ExtendedCompilerEngine->evaluatePath()
#54 C:/Users/richm/Downloads/tonetor-core-booking-system/tonetor-core-v4.0.2/tonetor-core-v4.0.2/bc-cms/vendor/livewire/livewire/src/Mechanisms/ExtendBlade/ExtendedCompilerEngine.php(10): Illuminate/View/Engines/CompilerEngine->get()
#55 C:/Users/richm/Downloads/tonetor-core-booking-system/tonetor-core-v4.0.2/tonetor-core-v4.0.2/bc-cms/vendor/laravel/framework/src/Illuminate/View/View.php(208): Livewire/Mechanisms/ExtendBlade/ExtendedCompilerEngine->get()
#56 C:/Users/richm/Downloads/tonetor-core-booking-system/tonetor-core-v4.0.2/tonetor-core-v4.0.2/bc-cms/vendor/laravel/framework/src/Illuminate/View/View.php(191): Illuminate/View/View->getContents()
#57 C:/Users/richm/Downloads/tonetor-core-booking-system/tonetor-core-v4.0.2/tonetor-core-v4.0.2/bc-cms/vendor/laravel/framework/src/Illuminate/View/View.php(160): Illuminate/View/View->renderContents()
#58 C:/Users/richm/Downloads/tonetor-core-booking-system/tonetor-core-v4.0.2/tonetor-core-v4.0.2/bc-cms/themes/BC/resources/views/errors/500.blade.php(4): Illuminate/View/View->render()
#59 C:/Users/richm/Downloads/tonetor-core-booking-system/tonetor-core-v4.0.2/tonetor-core-v4.0.2/bc-cms/vendor/laravel/framework/src/Illuminate/Filesystem/Filesystem.php(123): require('...')
#60 C:/Users/richm/Downloads/tonetor-core-booking-system/tonetor-core-v4.0.2/tonetor-core-v4.0.2/bc-cms/vendor/laravel/framework/src/Illuminate/Filesystem/Filesystem.php(124): Illuminate/Filesystem/Filesystem::{closure:Illuminate/Filesystem/Filesystem::getRequire():120}()
#61 C:/Users/richm/Downloads/tonetor-core-booking-system/tonetor-core-v4.0.2/tonetor-core-v4.0.2/bc-cms/vendor/laravel/framework/src/Illuminate/View/Engines/PhpEngine.php(57): Illuminate/Filesystem/Filesystem->getRequire()
#62 C:/Users/richm/Downloads/tonetor-core-booking-system/tonetor-core-v4.0.2/tonetor-core-v4.0.2/bc-cms/vendor/livewire/livewire/src/Mechanisms/ExtendBlade/ExtendedCompilerEngine.php(22): Illuminate/View/Engines/PhpEngine->evaluatePath()
#63 C:/Users/richm/Downloads/tonetor-core-booking-system/tonetor-core-v4.0.2/tonetor-core-v4.0.2/bc-cms/vendor/laravel/framework/src/Illuminate/View/Engines/CompilerEngine.php(76): Livewire/Mechanisms/ExtendBlade/ExtendedCompilerEngine->evaluatePath()
#64 C:/Users/richm/Downloads/tonetor-core-booking-system/tonetor-core-v4.0.2/tonetor-core-v4.0.2/bc-cms/vendor/livewire/livewire/src/Mechanisms/ExtendBlade/ExtendedCompilerEngine.php(10): Illuminate/View/Engines/CompilerEngine->get()
#65 C:/Users/richm/Downloads/tonetor-core-booking-system/tonetor-core-v4.0.2/tonetor-core-v4.0.2/bc-cms/vendor/laravel/framework/src/Illuminate/View/View.php(208): Livewire/Mechanisms/ExtendBlade/ExtendedCompilerEngine->get()
#66 C:/Users/richm/Downloads/tonetor-core-booking-system/tonetor-core-v4.0.2/tonetor-core-v4.0.2/bc-cms/vendor/laravel/framework/src/Illuminate/View/View.php(191): Illuminate/View/View->getContents()
#67 C:/Users/richm/Downloads/tonetor-core-booking-system/tonetor-core-v4.0.2/tonetor-core-v4.0.2/bc-cms/vendor/laravel/framework/src/Illuminate/View/View.php(160): Illuminate/View/View->renderContents()
#68 C:/Users/richm/Downloads/tonetor-core-booking-system/tonetor-core-v4.0.2/tonetor-core-v4.0.2/bc-cms/vendor/laravel/framework/src/Illuminate/Http/Response.php(78): Illuminate/View/View->render()
#69 C:/Users/richm/Downloads/tonetor-core-booking-system/tonetor-core-v4.0.2/tonetor-core-v4.0.2/bc-cms/vendor/laravel/framework/src/Illuminate/Http/Response.php(34): Illuminate/Http/Response->setContent()
#70 C:/Users/richm/Downloads/tonetor-core-booking-system/tonetor-core-v4.0.2/tonetor-core-v4.0.2/bc-cms/vendor/laravel/framework/src/Illuminate/Routing/ResponseFactory.php(61): Illuminate/Http/Response->__construct()
#71 C:/Users/richm/Downloads/tonetor-core-booking-system/tonetor-core-v4.0.2/tonetor-core-v4.0.2/bc-cms/vendor/laravel/framework/src/Illuminate/Routing/ResponseFactory.php(91): Illuminate/Routing/ResponseFactory->make()
#72 C:/Users/richm/Downloads/tonetor-core-booking-system/tonetor-core-v4.0.2/tonetor-core-v4.0.2/bc-cms/vendor/laravel/framework/src/Illuminate/Foundation/Exceptions/Handler.php(926): Illuminate/Routing/ResponseFactory->view()
#73 C:/Users/richm/Downloads/tonetor-core-booking-system/tonetor-core-v4.0.2/tonetor-core-v4.0.2/bc-cms/vendor/laravel/framework/src/Illuminate/Foundation/Exceptions/Handler.php(847): Illuminate/Foundation/Exceptions/Handler->renderHttpException()
#74 C:/Users/richm/Downloads/tonetor-core-booking-system/tonetor-core-v4.0.2/tonetor-core-v4.0.2/bc-cms/vendor/laravel/framework/src/Illuminate/Foundation/Exceptions/Handler.php(738): Illuminate/Foundation/Exceptions/Handler->prepareResponse()
#75 C:/Users/richm/Downloads/tonetor-core-booking-system/tonetor-core-v4.0.2/tonetor-core-v4.0.2/bc-cms/vendor/laravel/framework/src/Illuminate/Foundation/Exceptions/Handler.php(626): Illuminate/Foundation/Exceptions/Handler->renderExceptionResponse()
#76 C:/Users/richm/Downloads/tonetor-core-booking-system/tonetor-core-v4.0.2/tonetor-core-v4.0.2/bc-cms/vendor/laravel/framework/src/Illuminate/Routing/Pipeline.php(51): Illuminate/Foundation/Exceptions/Handler->render()
#77 C:/Users/richm/Downloads/tonetor-core-booking-system/tonetor-core-v4.0.2/tonetor-core-v4.0.2/bc-cms/vendor/laravel/framework/src/Illuminate/Pipeline/Pipeline.php(182): Illuminate/Routing/Pipeline->handleException()
#78 C:/Users/richm/Downloads/tonetor-core-booking-system/tonetor-core-v4.0.2/tonetor-core-v4.0.2/bc-cms/vendor/barryvdh/laravel-debugbar/src/Middleware/InjectDebugbar.php(59): Illuminate/Pipeline/Pipeline->{closure:Illuminate/Pipeline/Pipeline::prepareDestination():178}()
#79 C:/Users/richm/Downloads/tonetor-core-booking-system/tonetor-core-v4.0.2/tonetor-core-v4.0.2/bc-cms/vendor/laravel/framework/src/Illuminate/Pipeline/Pipeline.php(219): Barryvdh/Debugbar/Middleware/InjectDebugbar->handle()
#80 C:/Users/richm/Downloads/tonetor-core-booking-system/tonetor-core-v4.0.2/tonetor-core-v4.0.2/bc-cms/app/Http/Middleware/RequireChangePassword.php(41): Illuminate/Pipeline/Pipeline->{closure:{closure:Illuminate/Pipeline/Pipeline::carry():194}:195}()
#81 C:/Users/richm/Downloads/tonetor-core-booking-system/tonetor-core-v4.0.2/tonetor-core-v4.0.2/bc-cms/vendor/laravel/framework/src/Illuminate/Pipeline/Pipeline.php(219): App/Http/Middleware/RequireChangePassword->handle()
#82 C:/Users/richm/Downloads/tonetor-core-booking-system/tonetor-core-v4.0.2/tonetor-core-v4.0.2/bc-cms/app/Http/Middleware/SetCurrentCurrency.php(48): Illuminate/Pipeline/Pipeline->{closure:{closure:Illuminate/Pipeline/Pipeline::carry():194}:195}()
#83 C:/Users/richm/Downloads/tonetor-core-booking-system/tonetor-core-v4.0.2/tonetor-core-v4.0.2/bc-cms/vendor/laravel/framework/src/Illuminate/Pipeline/Pipeline.php(219): App/Http/Middleware/SetCurrentCurrency->handle()
#84 C:/Users/richm/Downloads/tonetor-core-booking-system/tonetor-core-v4.0.2/tonetor-core-v4.0.2/bc-cms/app/Http/Middleware/SetLanguageForAdmin.php(37): Illuminate/Pipeline/Pipeline->{closure:{closure:Illuminate/Pipeline/Pipeline::carry():194}:195}()
#85 C:/Users/richm/Downloads/tonetor-core-booking-system/tonetor-core-v4.0.2/tonetor-core-v4.0.2/bc-cms/vendor/laravel/framework/src/Illuminate/Pipeline/Pipeline.php(219): App/Http/Middleware/SetLanguageForAdmin->handle()
#86 C:/Users/richm/Downloads/tonetor-core-booking-system/tonetor-core-v4.0.2/tonetor-core-v4.0.2/bc-cms/app/Http/Middleware/RedirectForMultiLanguage.php(58): Illuminate/Pipeline/Pipeline->{closure:{closure:Illuminate/Pipeline/Pipeline::carry():194}:195}()
#87 C:/Users/richm/Downloads/tonetor-core-booking-system/tonetor-core-v4.0.2/tonetor-core-v4.0.2/bc-cms/vendor/laravel/framework/src/Illuminate/Pipeline/Pipeline.php(219): App/Http/Middleware/RedirectForMultiLanguage->handle()
#88 C:/Users/richm/Downloads/tonetor-core-booking-system/tonetor-core-v4.0.2/tonetor-core-v4.0.2/bc-cms/vendor/laravel/framework/src/Illuminate/Routing/Middleware/SubstituteBindings.php(50): Illuminate/Pipeline/Pipeline->{closure:{closure:Illuminate/Pipeline/Pipeline::carry():194}:195}()
#89 C:/Users/richm/Downloads/tonetor-core-booking-system/tonetor-core-v4.0.2/tonetor-core-v4.0.2/bc-cms/vendor/laravel/framework/src/Illuminate/Pipeline/Pipeline.php(219): Illuminate/Routing/Middleware/SubstituteBindings->handle()
#90 C:/Users/richm/Downloads/tonetor-core-booking-system/tonetor-core-v4.0.2/tonetor-core-v4.0.2/bc-cms/vendor/laravel/framework/src/Illuminate/Foundation/Http/Middleware/VerifyCsrfToken.php(87): Illuminate/Pipeline/Pipeline->{closure:{closure:Illuminate/Pipeline/Pipeline::carry():194}:195}()
#91 C:/Users/richm/Downloads/tonetor-core-booking-system/tonetor-core-v4.0.2/tonetor-core-v4.0.2/bc-cms/vendor/laravel/framework/src/Illuminate/Pipeline/Pipeline.php(219): Illuminate/Foundation/Http/Middleware/VerifyCsrfToken->handle()
#92 C:/Users/richm/Downloads/tonetor-core-booking-system/tonetor-core-v4.0.2/tonetor-core-v4.0.2/bc-cms/vendor/laravel/framework/src/Illuminate/View/Middleware/ShareErrorsFromSession.php(48): Illuminate/Pipeline/Pipeline->{closure:{closure:Illuminate/Pipeline/Pipeline::carry():194}:195}()
#93 C:/Users/richm/Downloads/tonetor-core-booking-system/tonetor-core-v4.0.2/tonetor-core-v4.0.2/bc-cms/vendor/laravel/framework/src/Illuminate/Pipeline/Pipeline.php(219): Illuminate/View/Middleware/ShareErrorsFromSession->handle()
#94 C:/Users/richm/Downloads/tonetor-core-booking-system/tonetor-core-v4.0.2/tonetor-core-v4.0.2/bc-cms/vendor/laravel/framework/src/Illuminate/Session/Middleware/StartSession.php(120): Illuminate/Pipeline/Pipeline->{closure:{closure:Illuminate/Pipeline/Pipeline::carry():194}:195}()
#95 C:/Users/richm/Downloads/tonetor-core-booking-system/tonetor-core-v4.0.2/tonetor-core-v4.0.2/bc-cms/vendor/laravel/framework/src/Illuminate/Session/Middleware/StartSession.php(63): Illuminate/Session/Middleware/StartSession->handleStatefulRequest()
#96 C:/Users/richm/Downloads/tonetor-core-booking-system/tonetor-core-v4.0.2/tonetor-core-v4.0.2/bc-cms/vendor/laravel/framework/src/Illuminate/Pipeline/Pipeline.php(219): Illuminate/Session/Middleware/StartSession->handle()
#97 C:/Users/richm/Downloads/tonetor-core-booking-system/tonetor-core-v4.0.2/tonetor-core-v4.0.2/bc-cms/vendor/laravel/framework/src/Illuminate/Cookie/Middleware/AddQueuedCookiesToResponse.php(36): Illuminate/Pipeline/Pipeline->{closure:{closure:Illuminate/Pipeline/Pipeline::carry():194}:195}()
#98 C:/Users/richm/Downloads/tonetor-core-booking-system/tonetor-core-v4.0.2/tonetor-core-v4.0.2/bc-cms/vendor/laravel/framework/src/Illuminate/Pipeline/Pipeline.php(219): Illuminate/Cookie/Middleware/AddQueuedCookiesToResponse->handle()
#99 C:/Users/richm/Downloads/tonetor-core-booking-system/tonetor-core-v4.0.2/tonetor-core-v4.0.2/bc-cms/vendor/laravel/framework/src/Illuminate/Cookie/Middleware/EncryptCookies.php(74): Illuminate/Pipeline/Pipeline->{closure:{closure:Illuminate/Pipeline/Pipeline::carry():194}:195}()
#100 C:/Users/richm/Downloads/tonetor-core-booking-system/tonetor-core-v4.0.2/tonetor-core-v4.0.2/bc-cms/vendor/laravel/framework/src/Illuminate/Pipeline/Pipeline.php(219): Illuminate/Cookie/Middleware/EncryptCookies->handle()
#101 C:/Users/richm/Downloads/tonetor-core-booking-system/tonetor-core-v4.0.2/tonetor-core-v4.0.2/bc-cms/vendor/laravel/framework/src/Illuminate/Pipeline/Pipeline.php(137): Illuminate/Pipeline/Pipeline->{closure:{closure:Illuminate/Pipeline/Pipeline::carry():194}:195}()
#102 C:/Users/richm/Downloads/tonetor-core-booking-system/tonetor-core-v4.0.2/tonetor-core-v4.0.2/bc-cms/vendor/laravel/framework/src/Illuminate/Routing/Router.php(821): Illuminate/Pipeline/Pipeline->then()
#103 C:/Users/richm/Downloads/tonetor-core-booking-system/tonetor-core-v4.0.2/tonetor-core-v4.0.2/bc-cms/vendor/laravel/framework/src/Illuminate/Routing/Router.php(800): Illuminate/Routing/Router->runRouteWithinStack()
#104 C:/Users/richm/Downloads/tonetor-core-booking-system/tonetor-core-v4.0.2/tonetor-core-v4.0.2/bc-cms/vendor/laravel/framework/src/Illuminate/Routing/Router.php(764): Illuminate/Routing/Router->runRoute()
#105 C:/Users/richm/Downloads/tonetor-core-booking-system/tonetor-core-v4.0.2/tonetor-core-v4.0.2/bc-cms/vendor/laravel/framework/src/Illuminate/Routing/Router.php(753): Illuminate/Routing/Router->dispatchToRoute()
#106 C:/Users/richm/Downloads/tonetor-core-booking-system/tonetor-core-v4.0.2/tonetor-core-v4.0.2/bc-cms/vendor/laravel/framework/src/Illuminate/Foundation/Http/Kernel.php(200): Illuminate/Routing/Router->dispatch()
#107 C:/Users/richm/Downloads/tonetor-core-booking-system/tonetor-core-v4.0.2/tonetor-core-v4.0.2/bc-cms/vendor/laravel/framework/src/Illuminate/Pipeline/Pipeline.php(180): Illuminate/Foundation/Http/Kernel->{closure:Illuminate/Foundation/Http/Kernel::dispatchToRouter():197}()
#108 C:/Users/richm/Downloads/tonetor-core-booking-system/tonetor-core-v4.0.2/tonetor-core-v4.0.2/bc-cms/themes/Base/Core/Middleware/RunUpdater.php(77): Illuminate/Pipeline/Pipeline->{closure:Illuminate/Pipeline/Pipeline::prepareDestination():178}()
#109 C:/Users/richm/Downloads/tonetor-core-booking-system/tonetor-core-v4.0.2/tonetor-core-v4.0.2/bc-cms/vendor/laravel/framework/src/Illuminate/Pipeline/Pipeline.php(219): Themes/Base/Core/Middleware/RunUpdater->handle()
#110 C:/Users/richm/Downloads/tonetor-core-booking-system/tonetor-core-v4.0.2/tonetor-core-v4.0.2/bc-cms/vendor/livewire/livewire/src/Features/SupportDisablingBackButtonCache/DisableBackButtonCacheMiddleware.php(19): Illuminate/Pipeline/Pipeline->{closure:{closure:Illuminate/Pipeline/Pipeline::carry():194}:195}()
#111 C:/Users/richm/Downloads/tonetor-core-booking-system/tonetor-core-v4.0.2/tonetor-core-v4.0.2/bc-cms/vendor/laravel/framework/src/Illuminate/Pipeline/Pipeline.php(219): Livewire/Features/SupportDisablingBackButtonCache/DisableBackButtonCacheMiddleware->handle()
#112 C:/Users/richm/Downloads/tonetor-core-booking-system/tonetor-core-v4.0.2/tonetor-core-v4.0.2/bc-cms/vendor/barryvdh/laravel-debugbar/src/Middleware/InjectDebugbar.php(59): Illuminate/Pipeline/Pipeline->{closure:{closure:Illuminate/Pipeline/Pipeline::carry():194}:195}()
#113 C:/Users/richm/Downloads/tonetor-core-booking-system/tonetor-core-v4.0.2/tonetor-core-v4.0.2/bc-cms/vendor/laravel/framework/src/Illuminate/Pipeline/Pipeline.php(219): Barryvdh/Debugbar/Middleware/InjectDebugbar->handle()
#114 C:/Users/richm/Downloads/tonetor-core-booking-system/tonetor-core-v4.0.2/tonetor-core-v4.0.2/bc-cms/app/Http/Middleware/RedirectToInstaller.php(40): Illuminate/Pipeline/Pipeline->{closure:{closure:Illuminate/Pipeline/Pipeline::carry():194}:195}()
#115 C:/Users/richm/Downloads/tonetor-core-booking-system/tonetor-core-v4.0.2/tonetor-core-v4.0.2/bc-cms/vendor/laravel/framework/src/Illuminate/Pipeline/Pipeline.php(219): App/Http/Middleware/RedirectToInstaller->handle()
#116 C:/Users/richm/Downloads/tonetor-core-booking-system/tonetor-core-v4.0.2/tonetor-core-v4.0.2/bc-cms/vendor/laravel/framework/src/Illuminate/Foundation/Http/Middleware/TransformsRequest.php(21): Illuminate/Pipeline/Pipeline->{closure:{closure:Illuminate/Pipeline/Pipeline::carry():194}:195}()
#117 C:/Users/richm/Downloads/tonetor-core-booking-system/tonetor-core-v4.0.2/tonetor-core-v4.0.2/bc-cms/vendor/laravel/framework/src/Illuminate/Foundation/Http/Middleware/ConvertEmptyStringsToNull.php(31): Illuminate/Foundation/Http/Middleware/TransformsRequest->handle()
#118 C:/Users/richm/Downloads/tonetor-core-booking-system/tonetor-core-v4.0.2/tonetor-core-v4.0.2/bc-cms/vendor/laravel/framework/src/Illuminate/Pipeline/Pipeline.php(219): Illuminate/Foundation/Http/Middleware/ConvertEmptyStringsToNull->handle()
#119 C:/Users/richm/Downloads/tonetor-core-booking-system/tonetor-core-v4.0.2/tonetor-core-v4.0.2/bc-cms/vendor/laravel/framework/src/Illuminate/Foundation/Http/Middleware/TransformsRequest.php(21): Illuminate/Pipeline/Pipeline->{closure:{closure:Illuminate/Pipeline/Pipeline::carry():194}:195}()
#120 C:/Users/richm/Downloads/tonetor-core-booking-system/tonetor-core-v4.0.2/tonetor-core-v4.0.2/bc-cms/vendor/laravel/framework/src/Illuminate/Foundation/Http/Middleware/TrimStrings.php(51): Illuminate/Foundation/Http/Middleware/TransformsRequest->handle()
#121 C:/Users/richm/Downloads/tonetor-core-booking-system/tonetor-core-v4.0.2/tonetor-core-v4.0.2/bc-cms/vendor/laravel/framework/src/Illuminate/Pipeline/Pipeline.php(219): Illuminate/Foundation/Http/Middleware/TrimStrings->handle()
#122 C:/Users/richm/Downloads/tonetor-core-booking-system/tonetor-core-v4.0.2/tonetor-core-v4.0.2/bc-cms/vendor/laravel/framework/src/Illuminate/Http/Middleware/ValidatePostSize.php(27): Illuminate/Pipeline/Pipeline->{closure:{closure:Illuminate/Pipeline/Pipeline::carry():194}:195}()
#123 C:/Users/richm/Downloads/tonetor-core-booking-system/tonetor-core-v4.0.2/tonetor-core-v4.0.2/bc-cms/vendor/laravel/framework/src/Illuminate/Pipeline/Pipeline.php(219): Illuminate/Http/Middleware/ValidatePostSize->handle()
#124 C:/Users/richm/Downloads/tonetor-core-booking-system/tonetor-core-v4.0.2/tonetor-core-v4.0.2/bc-cms/vendor/laravel/framework/src/Illuminate/Foundation/Http/Middleware/PreventRequestsDuringMaintenance.php(109): Illuminate/Pipeline/Pipeline->{closure:{closure:Illuminate/Pipeline/Pipeline::carry():194}:195}()
#125 C:/Users/richm/Downloads/tonetor-core-booking-system/tonetor-core-v4.0.2/tonetor-core-v4.0.2/bc-cms/vendor/laravel/framework/src/Illuminate/Pipeline/Pipeline.php(219): Illuminate/Foundation/Http/Middleware/PreventRequestsDuringMaintenance->handle()
#126 C:/Users/richm/Downloads/tonetor-core-booking-system/tonetor-core-v4.0.2/tonetor-core-v4.0.2/bc-cms/vendor/laravel/framework/src/Illuminate/Http/Middleware/HandleCors.php(61): Illuminate/Pipeline/Pipeline->{closure:{closure:Illuminate/Pipeline/Pipeline::carry():194}:195}()
#127 C:/Users/richm/Downloads/tonetor-core-booking-system/tonetor-core-v4.0.2/tonetor-core-v4.0.2/bc-cms/vendor/laravel/framework/src/Illuminate/Pipeline/Pipeline.php(219): Illuminate/Http/Middleware/HandleCors->handle()
#128 C:/Users/richm/Downloads/tonetor-core-booking-system/tonetor-core-v4.0.2/tonetor-core-v4.0.2/bc-cms/vendor/laravel/framework/src/Illuminate/Http/Middleware/TrustProxies.php(58): Illuminate/Pipeline/Pipeline->{closure:{closure:Illuminate/Pipeline/Pipeline::carry():194}:195}()
#129 C:/Users/richm/Downloads/tonetor-core-booking-system/tonetor-core-v4.0.2/tonetor-core-v4.0.2/bc-cms/vendor/laravel/framework/src/Illuminate/Pipeline/Pipeline.php(219): Illuminate/Http/Middleware/TrustProxies->handle()
#130 C:/Users/richm/Downloads/tonetor-core-booking-system/tonetor-core-v4.0.2/tonetor-core-v4.0.2/bc-cms/vendor/laravel/framework/src/Illuminate/Foundation/Http/Middleware/InvokeDeferredCallbacks.php(22): Illuminate/Pipeline/Pipeline->{closure:{closure:Illuminate/Pipeline/Pipeline::carry():194}:195}()
#131 C:/Users/richm/Downloads/tonetor-core-booking-system/tonetor-core-v4.0.2/tonetor-core-v4.0.2/bc-cms/vendor/laravel/framework/src/Illuminate/Pipeline/Pipeline.php(219): Illuminate/Foundation/Http/Middleware/InvokeDeferredCallbacks->handle()
#132 C:/Users/richm/Downloads/tonetor-core-booking-system/tonetor-core-v4.0.2/tonetor-core-v4.0.2/bc-cms/vendor/laravel/framework/src/Illuminate/Http/Middleware/ValidatePathEncoding.php(26): Illuminate/Pipeline/Pipeline->{closure:{closure:Illuminate/Pipeline/Pipeline::carry():194}:195}()
#133 C:/Users/richm/Downloads/tonetor-core-booking-system/tonetor-core-v4.0.2/tonetor-core-v4.0.2/bc-cms/vendor/laravel/framework/src/Illuminate/Pipeline/Pipeline.php(219): Illuminate/Http/Middleware/ValidatePathEncoding->handle()
#134 C:/Users/richm/Downloads/tonetor-core-booking-system/tonetor-core-v4.0.2/tonetor-core-v4.0.2/bc-cms/vendor/laravel/framework/src/Illuminate/Pipeline/Pipeline.php(137): Illuminate/Pipeline/Pipeline->{closure:{closure:Illuminate/Pipeline/Pipeline::carry():194}:195}()
#135 C:/Users/richm/Downloads/tonetor-core-booking-system/tonetor-core-v4.0.2/tonetor-core-v4.0.2/bc-cms/vendor/laravel/framework/src/Illuminate/Foundation/Http/Kernel.php(175): Illuminate/Pipeline/Pipeline->then()
#136 C:/Users/richm/Downloads/tonetor-core-booking-system/tonetor-core-v4.0.2/tonetor-core-v4.0.2/bc-cms/vendor/laravel/framework/src/Illuminate/Foundation/Http/Kernel.php(144): Illuminate/Foundation/Http/Kernel->sendRequestThroughRouter()
#137 C:/Users/richm/Downloads/tonetor-core-booking-system/tonetor-core-v4.0.2/tonetor-core-v4.0.2/bc-cms/vendor/laravel/framework/src/Illuminate/Foundation/Application.php(1220): Illuminate/Foundation/Http/Kernel->handle()
#138 C:/Users/richm/Downloads/tonetor-core-booking-system/tonetor-core-v4.0.2/tonetor-core-v4.0.2/public_html/index.php(84): Illuminate/Foundation/Application->handleRequest()
#139 C:/Users/richm/Downloads/tonetor-core-booking-system/tonetor-core-v4.0.2/tonetor-core-v4.0.2/bc-cms/server.php(21): require_once('...')
#140 {main}

[previous exception] [object] (Illuminate\\Database\\QueryException(code: 2002): SQLSTATE[HY000] [2002] No connection could be made because the target machine actively refused it (Connection: mysql, Host: 127.0.0.1, Port: 3306, Database: booking_core, SQL: select * from `core_menu_translations` where `core_menu_translations`.`origin_id` = 1 and `core_menu_translations`.`origin_id` is not null and `locale` = en limit 1) at C:/Users/richm/Downloads/tonetor-core-booking-system/tonetor-core-v4.0.2/tonetor-core-v4.0.2/bc-cms/vendor/laravel/framework/src/Illuminate/Database/Connection.php:838)
[stacktrace]
#0 C:/Users/richm/Downloads/tonetor-core-booking-system/tonetor-core-v4.0.2/tonetor-core-v4.0.2/bc-cms/vendor/laravel/framework/src/Illuminate/Database/Connection.php(999): Illuminate/Database/Connection->runQueryCallback()
#1 C:/Users/richm/Downloads/tonetor-core-booking-system/tonetor-core-v4.0.2/tonetor-core-v4.0.2/bc-cms/vendor/laravel/framework/src/Illuminate/Database/Connection.php(978): Illuminate/Database/Connection->tryAgainIfCausedByLostConnection()
#2 C:/Users/richm/Downloads/tonetor-core-booking-system/tonetor-core-v4.0.2/tonetor-core-v4.0.2/bc-cms/vendor/laravel/framework/src/Illuminate/Database/Connection.php(796): Illuminate/Database/Connection->handleQueryException()
#3 C:/Users/richm/Downloads/tonetor-core-booking-system/tonetor-core-v4.0.2/tonetor-core-v4.0.2/bc-cms/vendor/laravel/framework/src/Illuminate/Database/Connection.php(411): Illuminate/Database/Connection->run()
#4 C:/Users/richm/Downloads/tonetor-core-booking-system/tonetor-core-v4.0.2/tonetor-core-v4.0.2/bc-cms/vendor/laravel/framework/src/Illuminate/Database/Query/Builder.php(3475): Illuminate/Database/Connection->select()
#5 C:/Users/richm/Downloads/tonetor-core-booking-system/tonetor-core-v4.0.2/tonetor-core-v4.0.2/bc-cms/vendor/laravel/framework/src/Illuminate/Database/Query/Builder.php(3460): Illuminate/Database/Query/Builder->runSelect()
#6 C:/Users/richm/Downloads/tonetor-core-booking-system/tonetor-core-v4.0.2/tonetor-core-v4.0.2/bc-cms/vendor/laravel/framework/src/Illuminate/Database/Query/Builder.php(4050): Illuminate/Database/Query/Builder->{closure:Illuminate/Database/Query/Builder::get():3459}()
#7 C:/Users/richm/Downloads/tonetor-core-booking-system/tonetor-core-v4.0.2/tonetor-core-v4.0.2/bc-cms/vendor/laravel/framework/src/Illuminate/Database/Query/Builder.php(3459): Illuminate/Database/Query/Builder->onceWithColumns()
#8 C:/Users/richm/Downloads/tonetor-core-booking-system/tonetor-core-v4.0.2/tonetor-core-v4.0.2/bc-cms/vendor/laravel/framework/src/Illuminate/Database/Eloquent/Builder.php(902): Illuminate/Database/Query/Builder->get()
#9 C:/Users/richm/Downloads/tonetor-core-booking-system/tonetor-core-v4.0.2/tonetor-core-v4.0.2/bc-cms/vendor/laravel/framework/src/Illuminate/Database/Eloquent/Builder.php(884): Illuminate/Database/Eloquent/Builder->getModels()
#10 C:/Users/richm/Downloads/tonetor-core-booking-system/tonetor-core-v4.0.2/tonetor-core-v4.0.2/bc-cms/vendor/laravel/framework/src/Illuminate/Database/Concerns/BuildsQueries.php(366): Illuminate/Database/Eloquent/Builder->get()
#11 C:/Users/richm/Downloads/tonetor-core-booking-system/tonetor-core-v4.0.2/tonetor-core-v4.0.2/bc-cms/vendor/laravel/framework/src/Illuminate/Database/Eloquent/Relations/HasOne.php(31): Illuminate/Database/Eloquent/Builder->first()
#12 C:/Users/richm/Downloads/tonetor-core-booking-system/tonetor-core-v4.0.2/tonetor-core-v4.0.2/bc-cms/vendor/laravel/framework/src/Illuminate/Database/Eloquent/Concerns/HasAttributes.php(637): Illuminate/Database/Eloquent/Relations/HasOne->getResults()
#13 C:/Users/richm/Downloads/tonetor-core-booking-system/tonetor-core-v4.0.2/tonetor-core-v4.0.2/bc-cms/vendor/laravel/framework/src/Illuminate/Database/Eloquent/Concerns/HasAttributes.php(575): Illuminate/Database/Eloquent/Model->getRelationshipFromMethod()
#14 C:/Users/richm/Downloads/tonetor-core-booking-system/tonetor-core-v4.0.2/tonetor-core-v4.0.2/bc-cms/vendor/laravel/framework/src/Illuminate/Database/Eloquent/Concerns/HasAttributes.php(494): Illuminate/Database/Eloquent/Model->getRelationValue()
#15 C:/Users/richm/Downloads/tonetor-core-booking-system/tonetor-core-v4.0.2/tonetor-core-v4.0.2/bc-cms/vendor/laravel/framework/src/Illuminate/Database/Eloquent/Model.php(2423): Illuminate/Database/Eloquent/Model->getAttribute()
#16 C:/Users/richm/Downloads/tonetor-core-booking-system/tonetor-core-v4.0.2/tonetor-core-v4.0.2/bc-cms/app/Traits/HasTranslations.php(59): Illuminate/Database/Eloquent/Model->__get()
#17 C:/Users/richm/Downloads/tonetor-core-booking-system/tonetor-core-v4.0.2/tonetor-core-v4.0.2/bc-cms/app/Helpers/AppHelper.php(118): App/BaseModel->translate()
#18 C:/Users/richm/Downloads/tonetor-core-booking-system/tonetor-core-v4.0.2/tonetor-core-v4.0.2/bc-cms/storage/framework/views/a1325d56cde4d7e94f84964bf387f5a4.php(19): generate_menu()
#19 C:/Users/richm/Downloads/tonetor-core-booking-system/tonetor-core-v4.0.2/tonetor-core-v4.0.2/bc-cms/vendor/laravel/framework/src/Illuminate/Filesystem/Filesystem.php(123): require('...')
#20 C:/Users/richm/Downloads/tonetor-core-booking-system/tonetor-core-v4.0.2/tonetor-core-v4.0.2/bc-cms/vendor/laravel/framework/src/Illuminate/Filesystem/Filesystem.php(124): Illuminate/Filesystem/Filesystem::{closure:Illuminate/Filesystem/Filesystem::getRequire():120}()
#21 C:/Users/richm/Downloads/tonetor-core-booking-system/tonetor-core-v4.0.2/tonetor-core-v4.0.2/bc-cms/vendor/laravel/framework/src/Illuminate/View/Engines/PhpEngine.php(57): Illuminate/Filesystem/Filesystem->getRequire()
#22 C:/Users/richm/Downloads/tonetor-core-booking-system/tonetor-core-v4.0.2/tonetor-core-v4.0.2/bc-cms/vendor/livewire/livewire/src/Mechanisms/ExtendBlade/ExtendedCompilerEngine.php(22): Illuminate/View/Engines/PhpEngine->evaluatePath()
#23 C:/Users/richm/Downloads/tonetor-core-booking-system/tonetor-core-v4.0.2/tonetor-core-v4.0.2/bc-cms/vendor/laravel/framework/src/Illuminate/View/Engines/CompilerEngine.php(76): Livewire/Mechanisms/ExtendBlade/ExtendedCompilerEngine->evaluatePath()
#24 C:/Users/richm/Downloads/tonetor-core-booking-system/tonetor-core-v4.0.2/tonetor-core-v4.0.2/bc-cms/vendor/livewire/livewire/src/Mechanisms/ExtendBlade/ExtendedCompilerEngine.php(10): Illuminate/View/Engines/CompilerEngine->get()
#25 C:/Users/richm/Downloads/tonetor-core-booking-system/tonetor-core-v4.0.2/tonetor-core-v4.0.2/bc-cms/vendor/laravel/framework/src/Illuminate/View/View.php(208): Livewire/Mechanisms/ExtendBlade/ExtendedCompilerEngine->get()
#26 C:/Users/richm/Downloads/tonetor-core-booking-system/tonetor-core-v4.0.2/tonetor-core-v4.0.2/bc-cms/vendor/laravel/framework/src/Illuminate/View/View.php(191): Illuminate/View/View->getContents()
#27 C:/Users/richm/Downloads/tonetor-core-booking-system/tonetor-core-v4.0.2/tonetor-core-v4.0.2/bc-cms/vendor/laravel/framework/src/Illuminate/View/View.php(160): Illuminate/View/View->renderContents()
#28 C:/Users/richm/Downloads/tonetor-core-booking-system/tonetor-core-v4.0.2/tonetor-core-v4.0.2/bc-cms/storage/framework/views/86d3685d0debfeb122801766e0cc0dfc.php(70): Illuminate/View/View->render()
#29 C:/Users/richm/Downloads/tonetor-core-booking-system/tonetor-core-v4.0.2/tonetor-core-v4.0.2/bc-cms/vendor/laravel/framework/src/Illuminate/Filesystem/Filesystem.php(123): require('...')
#30 C:/Users/richm/Downloads/tonetor-core-booking-system/tonetor-core-v4.0.2/tonetor-core-v4.0.2/bc-cms/vendor/laravel/framework/src/Illuminate/Filesystem/Filesystem.php(124): Illuminate/Filesystem/Filesystem::{closure:Illuminate/Filesystem/Filesystem::getRequire():120}()
#31 C:/Users/richm/Downloads/tonetor-core-booking-system/tonetor-core-v4.0.2/tonetor-core-v4.0.2/bc-cms/vendor/laravel/framework/src/Illuminate/View/Engines/PhpEngine.php(57): Illuminate/Filesystem/Filesystem->getRequire()
#32 C:/Users/richm/Downloads/tonetor-core-booking-system/tonetor-core-v4.0.2/tonetor-core-v4.0.2/bc-cms/vendor/livewire/livewire/src/Mechanisms/ExtendBlade/ExtendedCompilerEngine.php(22): Illuminate/View/Engines/PhpEngine->evaluatePath()
#33 C:/Users/richm/Downloads/tonetor-core-booking-system/tonetor-core-v4.0.2/tonetor-core-v4.0.2/bc-cms/vendor/laravel/framework/src/Illuminate/View/Engines/CompilerEngine.php(76): Livewire/Mechanisms/ExtendBlade/ExtendedCompilerEngine->evaluatePath()
#34 C:/Users/richm/Downloads/tonetor-core-booking-system/tonetor-core-v4.0.2/tonetor-core-v4.0.2/bc-cms/vendor/livewire/livewire/src/Mechanisms/ExtendBlade/ExtendedCompilerEngine.php(10): Illuminate/View/Engines/CompilerEngine->get()
#35 C:/Users/richm/Downloads/tonetor-core-booking-system/tonetor-core-v4.0.2/tonetor-core-v4.0.2/bc-cms/vendor/laravel/framework/src/Illuminate/View/View.php(208): Livewire/Mechanisms/ExtendBlade/ExtendedCompilerEngine->get()
#36 C:/Users/richm/Downloads/tonetor-core-booking-system/tonetor-core-v4.0.2/tonetor-core-v4.0.2/bc-cms/vendor/laravel/framework/src/Illuminate/View/View.php(191): Illuminate/View/View->getContents()
#37 C:/Users/richm/Downloads/tonetor-core-booking-system/tonetor-core-v4.0.2/tonetor-core-v4.0.2/bc-cms/vendor/laravel/framework/src/Illuminate/View/View.php(160): Illuminate/View/View->renderContents()
#38 C:/Users/richm/Downloads/tonetor-core-booking-system/tonetor-core-v4.0.2/tonetor-core-v4.0.2/bc-cms/storage/framework/views/5c300a494c5dc8aec7097ea424ede77a.php(1): Illuminate/View/View->render()
#39 C:/Users/richm/Downloads/tonetor-core-booking-system/tonetor-core-v4.0.2/tonetor-core-v4.0.2/bc-cms/vendor/laravel/framework/src/Illuminate/Filesystem/Filesystem.php(123): require('...')
#40 C:/Users/richm/Downloads/tonetor-core-booking-system/tonetor-core-v4.0.2/tonetor-core-v4.0.2/bc-cms/vendor/laravel/framework/src/Illuminate/Filesystem/Filesystem.php(124): Illuminate/Filesystem/Filesystem::{closure:Illuminate/Filesystem/Filesystem::getRequire():120}()
#41 C:/Users/richm/Downloads/tonetor-core-booking-system/tonetor-core-v4.0.2/tonetor-core-v4.0.2/bc-cms/vendor/laravel/framework/src/Illuminate/View/Engines/PhpEngine.php(57): Illuminate/Filesystem/Filesystem->getRequire()
#42 C:/Users/richm/Downloads/tonetor-core-booking-system/tonetor-core-v4.0.2/tonetor-core-v4.0.2/bc-cms/vendor/livewire/livewire/src/Mechanisms/ExtendBlade/ExtendedCompilerEngine.php(22): Illuminate/View/Engines/PhpEngine->evaluatePath()
#43 C:/Users/richm/Downloads/tonetor-core-booking-system/tonetor-core-v4.0.2/tonetor-core-v4.0.2/bc-cms/vendor/laravel/framework/src/Illuminate/View/Engines/CompilerEngine.php(76): Livewire/Mechanisms/ExtendBlade/ExtendedCompilerEngine->evaluatePath()
#44 C:/Users/richm/Downloads/tonetor-core-booking-system/tonetor-core-v4.0.2/tonetor-core-v4.0.2/bc-cms/vendor/livewire/livewire/src/Mechanisms/ExtendBlade/ExtendedCompilerEngine.php(10): Illuminate/View/Engines/CompilerEngine->get()
#45 C:/Users/richm/Downloads/tonetor-core-booking-system/tonetor-core-v4.0.2/tonetor-core-v4.0.2/bc-cms/vendor/laravel/framework/src/Illuminate/View/View.php(208): Livewire/Mechanisms/ExtendBlade/ExtendedCompilerEngine->get()
#46 C:/Users/richm/Downloads/tonetor-core-booking-system/tonetor-core-v4.0.2/tonetor-core-v4.0.2/bc-cms/vendor/laravel/framework/src/Illuminate/View/View.php(191): Illuminate/View/View->getContents()
#47 C:/Users/richm/Downloads/tonetor-core-booking-system/tonetor-core-v4.0.2/tonetor-core-v4.0.2/bc-cms/vendor/laravel/framework/src/Illuminate/View/View.php(160): Illuminate/View/View->renderContents()
#48 C:/Users/richm/Downloads/tonetor-core-booking-system/tonetor-core-v4.0.2/tonetor-core-v4.0.2/bc-cms/storage/framework/views/a183160a418463b787ae89503a392acb.php(224): Illuminate/View/View->render()
#49 C:/Users/richm/Downloads/tonetor-core-booking-system/tonetor-core-v4.0.2/tonetor-core-v4.0.2/bc-cms/vendor/laravel/framework/src/Illuminate/Filesystem/Filesystem.php(123): require('...')
#50 C:/Users/richm/Downloads/tonetor-core-booking-system/tonetor-core-v4.0.2/tonetor-core-v4.0.2/bc-cms/vendor/laravel/framework/src/Illuminate/Filesystem/Filesystem.php(124): Illuminate/Filesystem/Filesystem::{closure:Illuminate/Filesystem/Filesystem::getRequire():120}()
#51 C:/Users/richm/Downloads/tonetor-core-booking-system/tonetor-core-v4.0.2/tonetor-core-v4.0.2/bc-cms/vendor/laravel/framework/src/Illuminate/View/Engines/PhpEngine.php(57): Illuminate/Filesystem/Filesystem->getRequire()
#52 C:/Users/richm/Downloads/tonetor-core-booking-system/tonetor-core-v4.0.2/tonetor-core-v4.0.2/bc-cms/vendor/livewire/livewire/src/Mechanisms/ExtendBlade/ExtendedCompilerEngine.php(22): Illuminate/View/Engines/PhpEngine->evaluatePath()
#53 C:/Users/richm/Downloads/tonetor-core-booking-system/tonetor-core-v4.0.2/tonetor-core-v4.0.2/bc-cms/vendor/laravel/framework/src/Illuminate/View/Engines/CompilerEngine.php(76): Livewire/Mechanisms/ExtendBlade/ExtendedCompilerEngine->evaluatePath()
#54 C:/Users/richm/Downloads/tonetor-core-booking-system/tonetor-core-v4.0.2/tonetor-core-v4.0.2/bc-cms/vendor/livewire/livewire/src/Mechanisms/ExtendBlade/ExtendedCompilerEngine.php(10): Illuminate/View/Engines/CompilerEngine->get()
#55 C:/Users/richm/Downloads/tonetor-core-booking-system/tonetor-core-v4.0.2/tonetor-core-v4.0.2/bc-cms/vendor/laravel/framework/src/Illuminate/View/View.php(208): Livewire/Mechanisms/ExtendBlade/ExtendedCompilerEngine->get()
#56 C:/Users/richm/Downloads/tonetor-core-booking-system/tonetor-core-v4.0.2/tonetor-core-v4.0.2/bc-cms/vendor/laravel/framework/src/Illuminate/View/View.php(191): Illuminate/View/View->getContents()
#57 C:/Users/richm/Downloads/tonetor-core-booking-system/tonetor-core-v4.0.2/tonetor-core-v4.0.2/bc-cms/vendor/laravel/framework/src/Illuminate/View/View.php(160): Illuminate/View/View->renderContents()
#58 C:/Users/richm/Downloads/tonetor-core-booking-system/tonetor-core-v4.0.2/tonetor-core-v4.0.2/bc-cms/storage/framework/views/c7eaa788282a319bb56aaad22a511203.php(6): Illuminate/View/View->render()
#59 C:/Users/richm/Downloads/tonetor-core-booking-system/tonetor-core-v4.0.2/tonetor-core-v4.0.2/bc-cms/vendor/laravel/framework/src/Illuminate/Filesystem/Filesystem.php(123): require('...')
#60 C:/Users/richm/Downloads/tonetor-core-booking-system/tonetor-core-v4.0.2/tonetor-core-v4.0.2/bc-cms/vendor/laravel/framework/src/Illuminate/Filesystem/Filesystem.php(124): Illuminate/Filesystem/Filesystem::{closure:Illuminate/Filesystem/Filesystem::getRequire():120}()
#61 C:/Users/richm/Downloads/tonetor-core-booking-system/tonetor-core-v4.0.2/tonetor-core-v4.0.2/bc-cms/vendor/laravel/framework/src/Illuminate/View/Engines/PhpEngine.php(57): Illuminate/Filesystem/Filesystem->getRequire()
#62 C:/Users/richm/Downloads/tonetor-core-booking-system/tonetor-core-v4.0.2/tonetor-core-v4.0.2/bc-cms/vendor/livewire/livewire/src/Mechanisms/ExtendBlade/ExtendedCompilerEngine.php(22): Illuminate/View/Engines/PhpEngine->evaluatePath()
#63 C:/Users/richm/Downloads/tonetor-core-booking-system/tonetor-core-v4.0.2/tonetor-core-v4.0.2/bc-cms/vendor/laravel/framework/src/Illuminate/View/Engines/CompilerEngine.php(76): Livewire/Mechanisms/ExtendBlade/ExtendedCompilerEngine->evaluatePath()
#64 C:/Users/richm/Downloads/tonetor-core-booking-system/tonetor-core-v4.0.2/tonetor-core-v4.0.2/bc-cms/vendor/livewire/livewire/src/Mechanisms/ExtendBlade/ExtendedCompilerEngine.php(10): Illuminate/View/Engines/CompilerEngine->get()
#65 C:/Users/richm/Downloads/tonetor-core-booking-system/tonetor-core-v4.0.2/tonetor-core-v4.0.2/bc-cms/vendor/laravel/framework/src/Illuminate/View/View.php(208): Livewire/Mechanisms/ExtendBlade/ExtendedCompilerEngine->get()
#66 C:/Users/richm/Downloads/tonetor-core-booking-system/tonetor-core-v4.0.2/tonetor-core-v4.0.2/bc-cms/vendor/laravel/framework/src/Illuminate/View/View.php(191): Illuminate/View/View->getContents()
#67 C:/Users/richm/Downloads/tonetor-core-booking-system/tonetor-core-v4.0.2/tonetor-core-v4.0.2/bc-cms/vendor/laravel/framework/src/Illuminate/View/View.php(160): Illuminate/View/View->renderContents()
#68 C:/Users/richm/Downloads/tonetor-core-booking-system/tonetor-core-v4.0.2/tonetor-core-v4.0.2/bc-cms/vendor/laravel/framework/src/Illuminate/Http/Response.php(78): Illuminate/View/View->render()
#69 C:/Users/richm/Downloads/tonetor-core-booking-system/tonetor-core-v4.0.2/tonetor-core-v4.0.2/bc-cms/vendor/laravel/framework/src/Illuminate/Http/Response.php(34): Illuminate/Http/Response->setContent()
#70 C:/Users/richm/Downloads/tonetor-core-booking-system/tonetor-core-v4.0.2/tonetor-core-v4.0.2/bc-cms/vendor/laravel/framework/src/Illuminate/Routing/ResponseFactory.php(61): Illuminate/Http/Response->__construct()
#71 C:/Users/richm/Downloads/tonetor-core-booking-system/tonetor-core-v4.0.2/tonetor-core-v4.0.2/bc-cms/vendor/laravel/framework/src/Illuminate/Routing/ResponseFactory.php(91): Illuminate/Routing/ResponseFactory->make()
#72 C:/Users/richm/Downloads/tonetor-core-booking-system/tonetor-core-v4.0.2/tonetor-core-v4.0.2/bc-cms/vendor/laravel/framework/src/Illuminate/Foundation/Exceptions/Handler.php(926): Illuminate/Routing/ResponseFactory->view()
#73 C:/Users/richm/Downloads/tonetor-core-booking-system/tonetor-core-v4.0.2/tonetor-core-v4.0.2/bc-cms/vendor/laravel/framework/src/Illuminate/Foundation/Exceptions/Handler.php(847): Illuminate/Foundation/Exceptions/Handler->renderHttpException()
#74 C:/Users/richm/Downloads/tonetor-core-booking-system/tonetor-core-v4.0.2/tonetor-core-v4.0.2/bc-cms/vendor/laravel/framework/src/Illuminate/Foundation/Exceptions/Handler.php(738): Illuminate/Foundation/Exceptions/Handler->prepareResponse()
#75 C:/Users/richm/Downloads/tonetor-core-booking-system/tonetor-core-v4.0.2/tonetor-core-v4.0.2/bc-cms/vendor/laravel/framework/src/Illuminate/Foundation/Exceptions/Handler.php(626): Illuminate/Foundation/Exceptions/Handler->renderExceptionResponse()
#76 C:/Users/richm/Downloads/tonetor-core-booking-system/tonetor-core-v4.0.2/tonetor-core-v4.0.2/bc-cms/vendor/laravel/framework/src/Illuminate/Routing/Pipeline.php(51): Illuminate/Foundation/Exceptions/Handler->render()
#77 C:/Users/richm/Downloads/tonetor-core-booking-system/tonetor-core-v4.0.2/tonetor-core-v4.0.2/bc-cms/vendor/laravel/framework/src/Illuminate/Pipeline/Pipeline.php(182): Illuminate/Routing/Pipeline->handleException()
#78 C:/Users/richm/Downloads/tonetor-core-booking-system/tonetor-core-v4.0.2/tonetor-core-v4.0.2/bc-cms/vendor/barryvdh/laravel-debugbar/src/Middleware/InjectDebugbar.php(59): Illuminate/Pipeline/Pipeline->{closure:Illuminate/Pipeline/Pipeline::prepareDestination():178}()
#79 C:/Users/richm/Downloads/tonetor-core-booking-system/tonetor-core-v4.0.2/tonetor-core-v4.0.2/bc-cms/vendor/laravel/framework/src/Illuminate/Pipeline/Pipeline.php(219): Barryvdh/Debugbar/Middleware/InjectDebugbar->handle()
#80 C:/Users/richm/Downloads/tonetor-core-booking-system/tonetor-core-v4.0.2/tonetor-core-v4.0.2/bc-cms/app/Http/Middleware/RequireChangePassword.php(41): Illuminate/Pipeline/Pipeline->{closure:{closure:Illuminate/Pipeline/Pipeline::carry():194}:195}()
#81 C:/Users/richm/Downloads/tonetor-core-booking-system/tonetor-core-v4.0.2/tonetor-core-v4.0.2/bc-cms/vendor/laravel/framework/src/Illuminate/Pipeline/Pipeline.php(219): App/Http/Middleware/RequireChangePassword->handle()
#82 C:/Users/richm/Downloads/tonetor-core-booking-system/tonetor-core-v4.0.2/tonetor-core-v4.0.2/bc-cms/app/Http/Middleware/SetCurrentCurrency.php(48): Illuminate/Pipeline/Pipeline->{closure:{closure:Illuminate/Pipeline/Pipeline::carry():194}:195}()
#83 C:/Users/richm/Downloads/tonetor-core-booking-system/tonetor-core-v4.0.2/tonetor-core-v4.0.2/bc-cms/vendor/laravel/framework/src/Illuminate/Pipeline/Pipeline.php(219): App/Http/Middleware/SetCurrentCurrency->handle()
#84 C:/Users/richm/Downloads/tonetor-core-booking-system/tonetor-core-v4.0.2/tonetor-core-v4.0.2/bc-cms/app/Http/Middleware/SetLanguageForAdmin.php(37): Illuminate/Pipeline/Pipeline->{closure:{closure:Illuminate/Pipeline/Pipeline::carry():194}:195}()
#85 C:/Users/richm/Downloads/tonetor-core-booking-system/tonetor-core-v4.0.2/tonetor-core-v4.0.2/bc-cms/vendor/laravel/framework/src/Illuminate/Pipeline/Pipeline.php(219): App/Http/Middleware/SetLanguageForAdmin->handle()
#86 C:/Users/richm/Downloads/tonetor-core-booking-system/tonetor-core-v4.0.2/tonetor-core-v4.0.2/bc-cms/app/Http/Middleware/RedirectForMultiLanguage.php(58): Illuminate/Pipeline/Pipeline->{closure:{closure:Illuminate/Pipeline/Pipeline::carry():194}:195}()
#87 C:/Users/richm/Downloads/tonetor-core-booking-system/tonetor-core-v4.0.2/tonetor-core-v4.0.2/bc-cms/vendor/laravel/framework/src/Illuminate/Pipeline/Pipeline.php(219): App/Http/Middleware/RedirectForMultiLanguage->handle()
#88 C:/Users/richm/Downloads/tonetor-core-booking-system/tonetor-core-v4.0.2/tonetor-core-v4.0.2/bc-cms/vendor/laravel/framework/src/Illuminate/Routing/Middleware/SubstituteBindings.php(50): Illuminate/Pipeline/Pipeline->{closure:{closure:Illuminate/Pipeline/Pipeline::carry():194}:195}()
#89 C:/Users/richm/Downloads/tonetor-core-booking-system/tonetor-core-v4.0.2/tonetor-core-v4.0.2/bc-cms/vendor/laravel/framework/src/Illuminate/Pipeline/Pipeline.php(219): Illuminate/Routing/Middleware/SubstituteBindings->handle()
#90 C:/Users/richm/Downloads/tonetor-core-booking-system/tonetor-core-v4.0.2/tonetor-core-v4.0.2/bc-cms/vendor/laravel/framework/src/Illuminate/Foundation/Http/Middleware/VerifyCsrfToken.php(87): Illuminate/Pipeline/Pipeline->{closure:{closure:Illuminate/Pipeline/Pipeline::carry():194}:195}()
#91 C:/Users/richm/Downloads/tonetor-core-booking-system/tonetor-core-v4.0.2/tonetor-core-v4.0.2/bc-cms/vendor/laravel/framework/src/Illuminate/Pipeline/Pipeline.php(219): Illuminate/Foundation/Http/Middleware/VerifyCsrfToken->handle()
#92 C:/Users/richm/Downloads/tonetor-core-booking-system/tonetor-core-v4.0.2/tonetor-core-v4.0.2/bc-cms/vendor/laravel/framework/src/Illuminate/View/Middleware/ShareErrorsFromSession.php(48): Illuminate/Pipeline/Pipeline->{closure:{closure:Illuminate/Pipeline/Pipeline::carry():194}:195}()
#93 C:/Users/richm/Downloads/tonetor-core-booking-system/tonetor-core-v4.0.2/tonetor-core-v4.0.2/bc-cms/vendor/laravel/framework/src/Illuminate/Pipeline/Pipeline.php(219): Illuminate/View/Middleware/ShareErrorsFromSession->handle()
#94 C:/Users/richm/Downloads/tonetor-core-booking-system/tonetor-core-v4.0.2/tonetor-core-v4.0.2/bc-cms/vendor/laravel/framework/src/Illuminate/Session/Middleware/StartSession.php(120): Illuminate/Pipeline/Pipeline->{closure:{closure:Illuminate/Pipeline/Pipeline::carry():194}:195}()
#95 C:/Users/richm/Downloads/tonetor-core-booking-system/tonetor-core-v4.0.2/tonetor-core-v4.0.2/bc-cms/vendor/laravel/framework/src/Illuminate/Session/Middleware/StartSession.php(63): Illuminate/Session/Middleware/StartSession->handleStatefulRequest()
#96 C:/Users/richm/Downloads/tonetor-core-booking-system/tonetor-core-v4.0.2/tonetor-core-v4.0.2/bc-cms/vendor/laravel/framework/src/Illuminate/Pipeline/Pipeline.php(219): Illuminate/Session/Middleware/StartSession->handle()
#97 C:/Users/richm/Downloads/tonetor-core-booking-system/tonetor-core-v4.0.2/tonetor-core-v4.0.2/bc-cms/vendor/laravel/framework/src/Illuminate/Cookie/Middleware/AddQueuedCookiesToResponse.php(36): Illuminate/Pipeline/Pipeline->{closure:{closure:Illuminate/Pipeline/Pipeline::carry():194}:195}()
#98 C:/Users/richm/Downloads/tonetor-core-booking-system/tonetor-core-v4.0.2/tonetor-core-v4.0.2/bc-cms/vendor/laravel/framework/src/Illuminate/Pipeline/Pipeline.php(219): Illuminate/Cookie/Middleware/AddQueuedCookiesToResponse->handle()
#99 C:/Users/richm/Downloads/tonetor-core-booking-system/tonetor-core-v4.0.2/tonetor-core-v4.0.2/bc-cms/vendor/laravel/framework/src/Illuminate/Cookie/Middleware/EncryptCookies.php(74): Illuminate/Pipeline/Pipeline->{closure:{closure:Illuminate/Pipeline/Pipeline::carry():194}:195}()
#100 C:/Users/richm/Downloads/tonetor-core-booking-system/tonetor-core-v4.0.2/tonetor-core-v4.0.2/bc-cms/vendor/laravel/framework/src/Illuminate/Pipeline/Pipeline.php(219): Illuminate/Cookie/Middleware/EncryptCookies->handle()
#101 C:/Users/richm/Downloads/tonetor-core-booking-system/tonetor-core-v4.0.2/tonetor-core-v4.0.2/bc-cms/vendor/laravel/framework/src/Illuminate/Pipeline/Pipeline.php(137): Illuminate/Pipeline/Pipeline->{closure:{closure:Illuminate/Pipeline/Pipeline::carry():194}:195}()
#102 C:/Users/richm/Downloads/tonetor-core-booking-system/tonetor-core-v4.0.2/tonetor-core-v4.0.2/bc-cms/vendor/laravel/framework/src/Illuminate/Routing/Router.php(821): Illuminate/Pipeline/Pipeline->then()
#103 C:/Users/richm/Downloads/tonetor-core-booking-system/tonetor-core-v4.0.2/tonetor-core-v4.0.2/bc-cms/vendor/laravel/framework/src/Illuminate/Routing/Router.php(800): Illuminate/Routing/Router->runRouteWithinStack()
#104 C:/Users/richm/Downloads/tonetor-core-booking-system/tonetor-core-v4.0.2/tonetor-core-v4.0.2/bc-cms/vendor/laravel/framework/src/Illuminate/Routing/Router.php(764): Illuminate/Routing/Router->runRoute()
#105 C:/Users/richm/Downloads/tonetor-core-booking-system/tonetor-core-v4.0.2/tonetor-core-v4.0.2/bc-cms/vendor/laravel/framework/src/Illuminate/Routing/Router.php(753): Illuminate/Routing/Router->dispatchToRoute()
#106 C:/Users/richm/Downloads/tonetor-core-booking-system/tonetor-core-v4.0.2/tonetor-core-v4.0.2/bc-cms/vendor/laravel/framework/src/Illuminate/Foundation/Http/Kernel.php(200): Illuminate/Routing/Router->dispatch()
#107 C:/Users/richm/Downloads/tonetor-core-booking-system/tonetor-core-v4.0.2/tonetor-core-v4.0.2/bc-cms/vendor/laravel/framework/src/Illuminate/Pipeline/Pipeline.php(180): Illuminate/Foundation/Http/Kernel->{closure:Illuminate/Foundation/Http/Kernel::dispatchToRouter():197}()
#108 C:/Users/richm/Downloads/tonetor-core-booking-system/tonetor-core-v4.0.2/tonetor-core-v4.0.2/bc-cms/themes/Base/Core/Middleware/RunUpdater.php(77): Illuminate/Pipeline/Pipeline->{closure:Illuminate/Pipeline/Pipeline::prepareDestination():178}()
#109 C:/Users/richm/Downloads/tonetor-core-booking-system/tonetor-core-v4.0.2/tonetor-core-v4.0.2/bc-cms/vendor/laravel/framework/src/Illuminate/Pipeline/Pipeline.php(219): Themes/Base/Core/Middleware/RunUpdater->handle()
#110 C:/Users/richm/Downloads/tonetor-core-booking-system/tonetor-core-v4.0.2/tonetor-core-v4.0.2/bc-cms/vendor/livewire/livewire/src/Features/SupportDisablingBackButtonCache/DisableBackButtonCacheMiddleware.php(19): Illuminate/Pipeline/Pipeline->{closure:{closure:Illuminate/Pipeline/Pipeline::carry():194}:195}()
#111 C:/Users/richm/Downloads/tonetor-core-booking-system/tonetor-core-v4.0.2/tonetor-core-v4.0.2/bc-cms/vendor/laravel/framework/src/Illuminate/Pipeline/Pipeline.php(219): Livewire/Features/SupportDisablingBackButtonCache/DisableBackButtonCacheMiddleware->handle()
#112 C:/Users/richm/Downloads/tonetor-core-booking-system/tonetor-core-v4.0.2/tonetor-core-v4.0.2/bc-cms/vendor/barryvdh/laravel-debugbar/src/Middleware/InjectDebugbar.php(59): Illuminate/Pipeline/Pipeline->{closure:{closure:Illuminate/Pipeline/Pipeline::carry():194}:195}()
#113 C:/Users/richm/Downloads/tonetor-core-booking-system/tonetor-core-v4.0.2/tonetor-core-v4.0.2/bc-cms/vendor/laravel/framework/src/Illuminate/Pipeline/Pipeline.php(219): Barryvdh/Debugbar/Middleware/InjectDebugbar->handle()
#114 C:/Users/richm/Downloads/tonetor-core-booking-system/tonetor-core-v4.0.2/tonetor-core-v4.0.2/bc-cms/app/Http/Middleware/RedirectToInstaller.php(40): Illuminate/Pipeline/Pipeline->{closure:{closure:Illuminate/Pipeline/Pipeline::carry():194}:195}()
#115 C:/Users/richm/Downloads/tonetor-core-booking-system/tonetor-core-v4.0.2/tonetor-core-v4.0.2/bc-cms/vendor/laravel/framework/src/Illuminate/Pipeline/Pipeline.php(219): App/Http/Middleware/RedirectToInstaller->handle()
#116 C:/Users/richm/Downloads/tonetor-core-booking-system/tonetor-core-v4.0.2/tonetor-core-v4.0.2/bc-cms/vendor/laravel/framework/src/Illuminate/Foundation/Http/Middleware/TransformsRequest.php(21): Illuminate/Pipeline/Pipeline->{closure:{closure:Illuminate/Pipeline/Pipeline::carry():194}:195}()
#117 C:/Users/richm/Downloads/tonetor-core-booking-system/tonetor-core-v4.0.2/tonetor-core-v4.0.2/bc-cms/vendor/laravel/framework/src/Illuminate/Foundation/Http/Middleware/ConvertEmptyStringsToNull.php(31): Illuminate/Foundation/Http/Middleware/TransformsRequest->handle()
#118 C:/Users/richm/Downloads/tonetor-core-booking-system/tonetor-core-v4.0.2/tonetor-core-v4.0.2/bc-cms/vendor/laravel/framework/src/Illuminate/Pipeline/Pipeline.php(219): Illuminate/Foundation/Http/Middleware/ConvertEmptyStringsToNull->handle()
#119 C:/Users/richm/Downloads/tonetor-core-booking-system/tonetor-core-v4.0.2/tonetor-core-v4.0.2/bc-cms/vendor/laravel/framework/src/Illuminate/Foundation/Http/Middleware/TransformsRequest.php(21): Illuminate/Pipeline/Pipeline->{closure:{closure:Illuminate/Pipeline/Pipeline::carry():194}:195}()
#120 C:/Users/richm/Downloads/tonetor-core-booking-system/tonetor-core-v4.0.2/tonetor-core-v4.0.2/bc-cms/vendor/laravel/framework/src/Illuminate/Foundation/Http/Middleware/TrimStrings.php(51): Illuminate/Foundation/Http/Middleware/TransformsRequest->handle()
#121 C:/Users/richm/Downloads/tonetor-core-booking-system/tonetor-core-v4.0.2/tonetor-core-v4.0.2/bc-cms/vendor/laravel/framework/src/Illuminate/Pipeline/Pipeline.php(219): Illuminate/Foundation/Http/Middleware/TrimStrings->handle()
#122 C:/Users/richm/Downloads/tonetor-core-booking-system/tonetor-core-v4.0.2/tonetor-core-v4.0.2/bc-cms/vendor/laravel/framework/src/Illuminate/Http/Middleware/ValidatePostSize.php(27): Illuminate/Pipeline/Pipeline->{closure:{closure:Illuminate/Pipeline/Pipeline::carry():194}:195}()
#123 C:/Users/richm/Downloads/tonetor-core-booking-system/tonetor-core-v4.0.2/tonetor-core-v4.0.2/bc-cms/vendor/laravel/framework/src/Illuminate/Pipeline/Pipeline.php(219): Illuminate/Http/Middleware/ValidatePostSize->handle()
#124 C:/Users/richm/Downloads/tonetor-core-booking-system/tonetor-core-v4.0.2/tonetor-core-v4.0.2/bc-cms/vendor/laravel/framework/src/Illuminate/Foundation/Http/Middleware/PreventRequestsDuringMaintenance.php(109): Illuminate/Pipeline/Pipeline->{closure:{closure:Illuminate/Pipeline/Pipeline::carry():194}:195}()
#125 C:/Users/richm/Downloads/tonetor-core-booking-system/tonetor-core-v4.0.2/tonetor-core-v4.0.2/bc-cms/vendor/laravel/framework/src/Illuminate/Pipeline/Pipeline.php(219): Illuminate/Foundation/Http/Middleware/PreventRequestsDuringMaintenance->handle()
#126 C:/Users/richm/Downloads/tonetor-core-booking-system/tonetor-core-v4.0.2/tonetor-core-v4.0.2/bc-cms/vendor/laravel/framework/src/Illuminate/Http/Middleware/HandleCors.php(61): Illuminate/Pipeline/Pipeline->{closure:{closure:Illuminate/Pipeline/Pipeline::carry():194}:195}()
#127 C:/Users/richm/Downloads/tonetor-core-booking-system/tonetor-core-v4.0.2/tonetor-core-v4.0.2/bc-cms/vendor/laravel/framework/src/Illuminate/Pipeline/Pipeline.php(219): Illuminate/Http/Middleware/HandleCors->handle()
#128 C:/Users/richm/Downloads/tonetor-core-booking-system/tonetor-core-v4.0.2/tonetor-core-v4.0.2/bc-cms/vendor/laravel/framework/src/Illuminate/Http/Middleware/TrustProxies.php(58): Illuminate/Pipeline/Pipeline->{closure:{closure:Illuminate/Pipeline/Pipeline::carry():194}:195}()
#129 C:/Users/richm/Downloads/tonetor-core-booking-system/tonetor-core-v4.0.2/tonetor-core-v4.0.2/bc-cms/vendor/laravel/framework/src/Illuminate/Pipeline/Pipeline.php(219): Illuminate/Http/Middleware/TrustProxies->handle()
#130 C:/Users/richm/Downloads/tonetor-core-booking-system/tonetor-core-v4.0.2/tonetor-core-v4.0.2/bc-cms/vendor/laravel/framework/src/Illuminate/Foundation/Http/Middleware/InvokeDeferredCallbacks.php(22): Illuminate/Pipeline/Pipeline->{closure:{closure:Illuminate/Pipeline/Pipeline::carry():194}:195}()
#131 C:/Users/richm/Downloads/tonetor-core-booking-system/tonetor-core-v4.0.2/tonetor-core-v4.0.2/bc-cms/vendor/laravel/framework/src/Illuminate/Pipeline/Pipeline.php(219): Illuminate/Foundation/Http/Middleware/InvokeDeferredCallbacks->handle()
#132 C:/Users/richm/Downloads/tonetor-core-booking-system/tonetor-core-v4.0.2/tonetor-core-v4.0.2/bc-cms/vendor/laravel/framework/src/Illuminate/Http/Middleware/ValidatePathEncoding.php(26): Illuminate/Pipeline/Pipeline->{closure:{closure:Illuminate/Pipeline/Pipeline::carry():194}:195}()
#133 C:/Users/richm/Downloads/tonetor-core-booking-system/tonetor-core-v4.0.2/tonetor-core-v4.0.2/bc-cms/vendor/laravel/framework/src/Illuminate/Pipeline/Pipeline.php(219): Illuminate/Http/Middleware/ValidatePathEncoding->handle()
#134 C:/Users/richm/Downloads/tonetor-core-booking-system/tonetor-core-v4.0.2/tonetor-core-v4.0.2/bc-cms/vendor/laravel/framework/src/Illuminate/Pipeline/Pipeline.php(137): Illuminate/Pipeline/Pipeline->{closure:{closure:Illuminate/Pipeline/Pipeline::carry():194}:195}()
#135 C:/Users/richm/Downloads/tonetor-core-booking-system/tonetor-core-v4.0.2/tonetor-core-v4.0.2/bc-cms/vendor/laravel/framework/src/Illuminate/Foundation/Http/Kernel.php(175): Illuminate/Pipeline/Pipeline->then()
#136 C:/Users/richm/Downloads/tonetor-core-booking-system/tonetor-core-v4.0.2/tonetor-core-v4.0.2/bc-cms/vendor/laravel/framework/src/Illuminate/Foundation/Http/Kernel.php(144): Illuminate/Foundation/Http/Kernel->sendRequestThroughRouter()
#137 C:/Users/richm/Downloads/tonetor-core-booking-system/tonetor-core-v4.0.2/tonetor-core-v4.0.2/bc-cms/vendor/laravel/framework/src/Illuminate/Foundation/Application.php(1220): Illuminate/Foundation/Http/Kernel->handle()
#138 C:/Users/richm/Downloads/tonetor-core-booking-system/tonetor-core-v4.0.2/tonetor-core-v4.0.2/public_html/index.php(84): Illuminate/Foundation/Application->handleRequest()
#139 C:/Users/richm/Downloads/tonetor-core-booking-system/tonetor-core-v4.0.2/tonetor-core-v4.0.2/bc-cms/server.php(21): require_once('...')
#140 {main}

[previous exception] [object] (PDOException(code: 2002): SQLSTATE[HY000] [2002] No connection could be made because the target machine actively refused it at C:/Users/richm/Downloads/tonetor-core-booking-system/tonetor-core-v4.0.2/tonetor-core-v4.0.2/bc-cms/vendor/laravel/framework/src/Illuminate/Database/Connectors/Connector.php:67)
[stacktrace]
#0 C:/Users/richm/Downloads/tonetor-core-booking-system/tonetor-core-v4.0.2/tonetor-core-v4.0.2/bc-cms/vendor/laravel/framework/src/Illuminate/Database/Connectors/Connector.php(67): PDO::connect()
#1 C:/Users/richm/Downloads/tonetor-core-booking-system/tonetor-core-v4.0.2/tonetor-core-v4.0.2/bc-cms/vendor/laravel/framework/src/Illuminate/Database/Connectors/Connector.php(85): Illuminate/Database/Connectors/Connector->createPdoConnection()
#2 C:/Users/richm/Downloads/tonetor-core-booking-system/tonetor-core-v4.0.2/tonetor-core-v4.0.2/bc-cms/vendor/laravel/framework/src/Illuminate/Database/Connectors/Connector.php(48): Illuminate/Database/Connectors/Connector->tryAgainIfCausedByLostConnection()
#3 C:/Users/richm/Downloads/tonetor-core-booking-system/tonetor-core-v4.0.2/tonetor-core-v4.0.2/bc-cms/vendor/laravel/framework/src/Illuminate/Database/Connectors/MySqlConnector.php(24): Illuminate/Database/Connectors/Connector->createConnection()
#4 C:/Users/richm/Downloads/tonetor-core-booking-system/tonetor-core-v4.0.2/tonetor-core-v4.0.2/bc-cms/vendor/laravel/framework/src/Illuminate/Database/Connectors/ConnectionFactory.php(186): Illuminate/Database/Connectors/MySqlConnector->connect()
#5 [internal function]: Illuminate/Database/Connectors/ConnectionFactory->{closure:Illuminate/Database/Connectors/ConnectionFactory::createPdoResolverWithHosts():181}()
#6 C:/Users/richm/Downloads/tonetor-core-booking-system/tonetor-core-v4.0.2/tonetor-core-v4.0.2/bc-cms/vendor/laravel/framework/src/Illuminate/Database/Connection.php(1257): call_user_func()
#7 C:/Users/richm/Downloads/tonetor-core-booking-system/tonetor-core-v4.0.2/tonetor-core-v4.0.2/bc-cms/vendor/laravel/framework/src/Illuminate/Database/Connection.php(1295): Illuminate/Database/Connection->getPdo()
#8 C:/Users/richm/Downloads/tonetor-core-booking-system/tonetor-core-v4.0.2/tonetor-core-v4.0.2/bc-cms/vendor/laravel/framework/src/Illuminate/Database/Connection.php(525): Illuminate/Database/Connection->getReadPdo()
#9 C:/Users/richm/Downloads/tonetor-core-booking-system/tonetor-core-v4.0.2/tonetor-core-v4.0.2/bc-cms/vendor/laravel/framework/src/Illuminate/Database/Connection.php(420): Illuminate/Database/Connection->getPdoForSelect()
#10 C:/Users/richm/Downloads/tonetor-core-booking-system/tonetor-core-v4.0.2/tonetor-core-v4.0.2/bc-cms/vendor/laravel/framework/src/Illuminate/Database/Connection.php(827): Illuminate/Database/Connection->{closure:Illuminate/Database/Connection::select():411}()
#11 C:/Users/richm/Downloads/tonetor-core-booking-system/tonetor-core-v4.0.2/tonetor-core-v4.0.2/bc-cms/vendor/laravel/framework/src/Illuminate/Database/Connection.php(999): Illuminate/Database/Connection->runQueryCallback()
#12 C:/Users/richm/Downloads/tonetor-core-booking-system/tonetor-core-v4.0.2/tonetor-core-v4.0.2/bc-cms/vendor/laravel/framework/src/Illuminate/Database/Connection.php(978): Illuminate/Database/Connection->tryAgainIfCausedByLostConnection()
#13 C:/Users/richm/Downloads/tonetor-core-booking-system/tonetor-core-v4.0.2/tonetor-core-v4.0.2/bc-cms/vendor/laravel/framework/src/Illuminate/Database/Connection.php(796): Illuminate/Database/Connection->handleQueryException()
#14 C:/Users/richm/Downloads/tonetor-core-booking-system/tonetor-core-v4.0.2/tonetor-core-v4.0.2/bc-cms/vendor/laravel/framework/src/Illuminate/Database/Connection.php(411): Illuminate/Database/Connection->run()
#15 C:/Users/richm/Downloads/tonetor-core-booking-system/tonetor-core-v4.0.2/tonetor-core-v4.0.2/bc-cms/vendor/laravel/framework/src/Illuminate/Database/Query/Builder.php(3475): Illuminate/Database/Connection->select()
#16 C:/Users/richm/Downloads/tonetor-core-booking-system/tonetor-core-v4.0.2/tonetor-core-v4.0.2/bc-cms/vendor/laravel/framework/src/Illuminate/Database/Query/Builder.php(3460): Illuminate/Database/Query/Builder->runSelect()
#17 C:/Users/richm/Downloads/tonetor-core-booking-system/tonetor-core-v4.0.2/tonetor-core-v4.0.2/bc-cms/vendor/laravel/framework/src/Illuminate/Database/Query/Builder.php(4050): Illuminate/Database/Query/Builder->{closure:Illuminate/Database/Query/Builder::get():3459}()
#18 C:/Users/richm/Downloads/tonetor-core-booking-system/tonetor-core-v4.0.2/tonetor-core-v4.0.2/bc-cms/vendor/laravel/framework/src/Illuminate/Database/Query/Builder.php(3459): Illuminate/Database/Query/Builder->onceWithColumns()
#19 C:/Users/richm/Downloads/tonetor-core-booking-system/tonetor-core-v4.0.2/tonetor-core-v4.0.2/bc-cms/vendor/laravel/framework/src/Illuminate/Database/Eloquent/Builder.php(902): Illuminate/Database/Query/Builder->get()
#20 C:/Users/richm/Downloads/tonetor-core-booking-system/tonetor-core-v4.0.2/tonetor-core-v4.0.2/bc-cms/vendor/laravel/framework/src/Illuminate/Database/Eloquent/Builder.php(884): Illuminate/Database/Eloquent/Builder->getModels()
#21 C:/Users/richm/Downloads/tonetor-core-booking-system/tonetor-core-v4.0.2/tonetor-core-v4.0.2/bc-cms/vendor/laravel/framework/src/Illuminate/Database/Concerns/BuildsQueries.php(366): Illuminate/Database/Eloquent/Builder->get()
#22 C:/Users/richm/Downloads/tonetor-core-booking-system/tonetor-core-v4.0.2/tonetor-core-v4.0.2/bc-cms/vendor/laravel/framework/src/Illuminate/Database/Eloquent/Relations/HasOne.php(31): Illuminate/Database/Eloquent/Builder->first()
#23 C:/Users/richm/Downloads/tonetor-core-booking-system/tonetor-core-v4.0.2/tonetor-core-v4.0.2/bc-cms/vendor/laravel/framework/src/Illuminate/Database/Eloquent/Concerns/HasAttributes.php(637): Illuminate/Database/Eloquent/Relations/HasOne->getResults()
#24 C:/Users/richm/Downloads/tonetor-core-booking-system/tonetor-core-v4.0.2/tonetor-core-v4.0.2/bc-cms/vendor/laravel/framework/src/Illuminate/Database/Eloquent/Concerns/HasAttributes.php(575): Illuminate/Database/Eloquent/Model->getRelationshipFromMethod()
#25 C:/Users/richm/Downloads/tonetor-core-booking-system/tonetor-core-v4.0.2/tonetor-core-v4.0.2/bc-cms/vendor/laravel/framework/src/Illuminate/Database/Eloquent/Concerns/HasAttributes.php(494): Illuminate/Database/Eloquent/Model->getRelationValue()
#26 C:/Users/richm/Downloads/tonetor-core-booking-system/tonetor-core-v4.0.2/tonetor-core-v4.0.2/bc-cms/vendor/laravel/framework/src/Illuminate/Database/Eloquent/Model.php(2423): Illuminate/Database/Eloquent/Model->getAttribute()
#27 C:/Users/richm/Downloads/tonetor-core-booking-system/tonetor-core-v4.0.2/tonetor-core-v4.0.2/bc-cms/app/Traits/HasTranslations.php(59): Illuminate/Database/Eloquent/Model->__get()
#28 C:/Users/richm/Downloads/tonetor-core-booking-system/tonetor-core-v4.0.2/tonetor-core-v4.0.2/bc-cms/app/Helpers/AppHelper.php(118): App/BaseModel->translate()
#29 C:/Users/richm/Downloads/tonetor-core-booking-system/tonetor-core-v4.0.2/tonetor-core-v4.0.2/bc-cms/storage/framework/views/a1325d56cde4d7e94f84964bf387f5a4.php(19): generate_menu()
#30 C:/Users/richm/Downloads/tonetor-core-booking-system/tonetor-core-v4.0.2/tonetor-core-v4.0.2/bc-cms/vendor/laravel/framework/src/Illuminate/Filesystem/Filesystem.php(123): require('...')
#31 C:/Users/richm/Downloads/tonetor-core-booking-system/tonetor-core-v4.0.2/tonetor-core-v4.0.2/bc-cms/vendor/laravel/framework/src/Illuminate/Filesystem/Filesystem.php(124): Illuminate/Filesystem/Filesystem::{closure:Illuminate/Filesystem/Filesystem::getRequire():120}()
#32 C:/Users/richm/Downloads/tonetor-core-booking-system/tonetor-core-v4.0.2/tonetor-core-v4.0.2/bc-cms/vendor/laravel/framework/src/Illuminate/View/Engines/PhpEngine.php(57): Illuminate/Filesystem/Filesystem->getRequire()
#33 C:/Users/richm/Downloads/tonetor-core-booking-system/tonetor-core-v4.0.2/tonetor-core-v4.0.2/bc-cms/vendor/livewire/livewire/src/Mechanisms/ExtendBlade/ExtendedCompilerEngine.php(22): Illuminate/View/Engines/PhpEngine->evaluatePath()
#34 C:/Users/richm/Downloads/tonetor-core-booking-system/tonetor-core-v4.0.2/tonetor-core-v4.0.2/bc-cms/vendor/laravel/framework/src/Illuminate/View/Engines/CompilerEngine.php(76): Livewire/Mechanisms/ExtendBlade/ExtendedCompilerEngine->evaluatePath()
#35 C:/Users/richm/Downloads/tonetor-core-booking-system/tonetor-core-v4.0.2/tonetor-core-v4.0.2/bc-cms/vendor/livewire/livewire/src/Mechanisms/ExtendBlade/ExtendedCompilerEngine.php(10): Illuminate/View/Engines/CompilerEngine->get()
#36 C:/Users/richm/Downloads/tonetor-core-booking-system/tonetor-core-v4.0.2/tonetor-core-v4.0.2/bc-cms/vendor/laravel/framework/src/Illuminate/View/View.php(208): Livewire/Mechanisms/ExtendBlade/ExtendedCompilerEngine->get()
#37 C:/Users/richm/Downloads/tonetor-core-booking-system/tonetor-core-v4.0.2/tonetor-core-v4.0.2/bc-cms/vendor/laravel/framework/src/Illuminate/View/View.php(191): Illuminate/View/View->getContents()
#38 C:/Users/richm/Downloads/tonetor-core-booking-system/tonetor-core-v4.0.2/tonetor-core-v4.0.2/bc-cms/vendor/laravel/framework/src/Illuminate/View/View.php(160): Illuminate/View/View->renderContents()
#39 C:/Users/richm/Downloads/tonetor-core-booking-system/tonetor-core-v4.0.2/tonetor-core-v4.0.2/bc-cms/storage/framework/views/86d3685d0debfeb122801766e0cc0dfc.php(70): Illuminate/View/View->render()
#40 C:/Users/richm/Downloads/tonetor-core-booking-system/tonetor-core-v4.0.2/tonetor-core-v4.0.2/bc-cms/vendor/laravel/framework/src/Illuminate/Filesystem/Filesystem.php(123): require('...')
#41 C:/Users/richm/Downloads/tonetor-core-booking-system/tonetor-core-v4.0.2/tonetor-core-v4.0.2/bc-cms/vendor/laravel/framework/src/Illuminate/Filesystem/Filesystem.php(124): Illuminate/Filesystem/Filesystem::{closure:Illuminate/Filesystem/Filesystem::getRequire():120}()
#42 C:/Users/richm/Downloads/tonetor-core-booking-system/tonetor-core-v4.0.2/tonetor-core-v4.0.2/bc-cms/vendor/laravel/framework/src/Illuminate/View/Engines/PhpEngine.php(57): Illuminate/Filesystem/Filesystem->getRequire()
#43 C:/Users/richm/Downloads/tonetor-core-booking-system/tonetor-core-v4.0.2/tonetor-core-v4.0.2/bc-cms/vendor/livewire/livewire/src/Mechanisms/ExtendBlade/ExtendedCompilerEngine.php(22): Illuminate/View/Engines/PhpEngine->evaluatePath()
#44 C:/Users/richm/Downloads/tonetor-core-booking-system/tonetor-core-v4.0.2/tonetor-core-v4.0.2/bc-cms/vendor/laravel/framework/src/Illuminate/View/Engines/CompilerEngine.php(76): Livewire/Mechanisms/ExtendBlade/ExtendedCompilerEngine->evaluatePath()
#45 C:/Users/richm/Downloads/tonetor-core-booking-system/tonetor-core-v4.0.2/tonetor-core-v4.0.2/bc-cms/vendor/livewire/livewire/src/Mechanisms/ExtendBlade/ExtendedCompilerEngine.php(10): Illuminate/View/Engines/CompilerEngine->get()
#46 C:/Users/richm/Downloads/tonetor-core-booking-system/tonetor-core-v4.0.2/tonetor-core-v4.0.2/bc-cms/vendor/laravel/framework/src/Illuminate/View/View.php(208): Livewire/Mechanisms/ExtendBlade/ExtendedCompilerEngine->get()
#47 C:/Users/richm/Downloads/tonetor-core-booking-system/tonetor-core-v4.0.2/tonetor-core-v4.0.2/bc-cms/vendor/laravel/framework/src/Illuminate/View/View.php(191): Illuminate/View/View->getContents()
#48 C:/Users/richm/Downloads/tonetor-core-booking-system/tonetor-core-v4.0.2/tonetor-core-v4.0.2/bc-cms/vendor/laravel/framework/src/Illuminate/View/View.php(160): Illuminate/View/View->renderContents()
#49 C:/Users/richm/Downloads/tonetor-core-booking-system/tonetor-core-v4.0.2/tonetor-core-v4.0.2/bc-cms/storage/framework/views/5c300a494c5dc8aec7097ea424ede77a.php(1): Illuminate/View/View->render()
#50 C:/Users/richm/Downloads/tonetor-core-booking-system/tonetor-core-v4.0.2/tonetor-core-v4.0.2/bc-cms/vendor/laravel/framework/src/Illuminate/Filesystem/Filesystem.php(123): require('...')
#51 C:/Users/richm/Downloads/tonetor-core-booking-system/tonetor-core-v4.0.2/tonetor-core-v4.0.2/bc-cms/vendor/laravel/framework/src/Illuminate/Filesystem/Filesystem.php(124): Illuminate/Filesystem/Filesystem::{closure:Illuminate/Filesystem/Filesystem::getRequire():120}()
#52 C:/Users/richm/Downloads/tonetor-core-booking-system/tonetor-core-v4.0.2/tonetor-core-v4.0.2/bc-cms/vendor/laravel/framework/src/Illuminate/View/Engines/PhpEngine.php(57): Illuminate/Filesystem/Filesystem->getRequire()
#53 C:/Users/richm/Downloads/tonetor-core-booking-system/tonetor-core-v4.0.2/tonetor-core-v4.0.2/bc-cms/vendor/livewire/livewire/src/Mechanisms/ExtendBlade/ExtendedCompilerEngine.php(22): Illuminate/View/Engines/PhpEngine->evaluatePath()
#54 C:/Users/richm/Downloads/tonetor-core-booking-system/tonetor-core-v4.0.2/tonetor-core-v4.0.2/bc-cms/vendor/laravel/framework/src/Illuminate/View/Engines/CompilerEngine.php(76): Livewire/Mechanisms/ExtendBlade/ExtendedCompilerEngine->evaluatePath()
#55 C:/Users/richm/Downloads/tonetor-core-booking-system/tonetor-core-v4.0.2/tonetor-core-v4.0.2/bc-cms/vendor/livewire/livewire/src/Mechanisms/ExtendBlade/ExtendedCompilerEngine.php(10): Illuminate/View/Engines/CompilerEngine->get()
#56 C:/Users/richm/Downloads/tonetor-core-booking-system/tonetor-core-v4.0.2/tonetor-core-v4.0.2/bc-cms/vendor/laravel/framework/src/Illuminate/View/View.php(208): Livewire/Mechanisms/ExtendBlade/ExtendedCompilerEngine->get()
#57 C:/Users/richm/Downloads/tonetor-core-booking-system/tonetor-core-v4.0.2/tonetor-core-v4.0.2/bc-cms/vendor/laravel/framework/src/Illuminate/View/View.php(191): Illuminate/View/View->getContents()
#58 C:/Users/richm/Downloads/tonetor-core-booking-system/tonetor-core-v4.0.2/tonetor-core-v4.0.2/bc-cms/vendor/laravel/framework/src/Illuminate/View/View.php(160): Illuminate/View/View->renderContents()
#59 C:/Users/richm/Downloads/tonetor-core-booking-system/tonetor-core-v4.0.2/tonetor-core-v4.0.2/bc-cms/storage/framework/views/a183160a418463b787ae89503a392acb.php(224): Illuminate/View/View->render()
#60 C:/Users/richm/Downloads/tonetor-core-booking-system/tonetor-core-v4.0.2/tonetor-core-v4.0.2/bc-cms/vendor/laravel/framework/src/Illuminate/Filesystem/Filesystem.php(123): require('...')
#61 C:/Users/richm/Downloads/tonetor-core-booking-system/tonetor-core-v4.0.2/tonetor-core-v4.0.2/bc-cms/vendor/laravel/framework/src/Illuminate/Filesystem/Filesystem.php(124): Illuminate/Filesystem/Filesystem::{closure:Illuminate/Filesystem/Filesystem::getRequire():120}()
#62 C:/Users/richm/Downloads/tonetor-core-booking-system/tonetor-core-v4.0.2/tonetor-core-v4.0.2/bc-cms/vendor/laravel/framework/src/Illuminate/View/Engines/PhpEngine.php(57): Illuminate/Filesystem/Filesystem->getRequire()
#63 C:/Users/richm/Downloads/tonetor-core-booking-system/tonetor-core-v4.0.2/tonetor-core-v4.0.2/bc-cms/vendor/livewire/livewire/src/Mechanisms/ExtendBlade/ExtendedCompilerEngine.php(22): Illuminate/View/Engines/PhpEngine->evaluatePath()
#64 C:/Users/richm/Downloads/tonetor-core-booking-system/tonetor-core-v4.0.2/tonetor-core-v4.0.2/bc-cms/vendor/laravel/framework/src/Illuminate/View/Engines/CompilerEngine.php(76): Livewire/Mechanisms/ExtendBlade/ExtendedCompilerEngine->evaluatePath()
#65 C:/Users/richm/Downloads/tonetor-core-booking-system/tonetor-core-v4.0.2/tonetor-core-v4.0.2/bc-cms/vendor/livewire/livewire/src/Mechanisms/ExtendBlade/ExtendedCompilerEngine.php(10): Illuminate/View/Engines/CompilerEngine->get()
#66 C:/Users/richm/Downloads/tonetor-core-booking-system/tonetor-core-v4.0.2/tonetor-core-v4.0.2/bc-cms/vendor/laravel/framework/src/Illuminate/View/View.php(208): Livewire/Mechanisms/ExtendBlade/ExtendedCompilerEngine->get()
#67 C:/Users/richm/Downloads/tonetor-core-booking-system/tonetor-core-v4.0.2/tonetor-core-v4.0.2/bc-cms/vendor/laravel/framework/src/Illuminate/View/View.php(191): Illuminate/View/View->getContents()
#68 C:/Users/richm/Downloads/tonetor-core-booking-system/tonetor-core-v4.0.2/tonetor-core-v4.0.2/bc-cms/vendor/laravel/framework/src/Illuminate/View/View.php(160): Illuminate/View/View->renderContents()
#69 C:/Users/richm/Downloads/tonetor-core-booking-system/tonetor-core-v4.0.2/tonetor-core-v4.0.2/bc-cms/storage/framework/views/c7eaa788282a319bb56aaad22a511203.php(6): Illuminate/View/View->render()
#70 C:/Users/richm/Downloads/tonetor-core-booking-system/tonetor-core-v4.0.2/tonetor-core-v4.0.2/bc-cms/vendor/laravel/framework/src/Illuminate/Filesystem/Filesystem.php(123): require('...')
#71 C:/Users/richm/Downloads/tonetor-core-booking-system/tonetor-core-v4.0.2/tonetor-core-v4.0.2/bc-cms/vendor/laravel/framework/src/Illuminate/Filesystem/Filesystem.php(124): Illuminate/Filesystem/Filesystem::{closure:Illuminate/Filesystem/Filesystem::getRequire():120}()
#72 C:/Users/richm/Downloads/tonetor-core-booking-system/tonetor-core-v4.0.2/tonetor-core-v4.0.2/bc-cms/vendor/laravel/framework/src/Illuminate/View/Engines/PhpEngine.php(57): Illuminate/Filesystem/Filesystem->getRequire()
#73 C:/Users/richm/Downloads/tonetor-core-booking-system/tonetor-core-v4.0.2/tonetor-core-v4.0.2/bc-cms/vendor/livewire/livewire/src/Mechanisms/ExtendBlade/ExtendedCompilerEngine.php(22): Illuminate/View/Engines/PhpEngine->evaluatePath()
#74 C:/Users/richm/Downloads/tonetor-core-booking-system/tonetor-core-v4.0.2/tonetor-core-v4.0.2/bc-cms/vendor/laravel/framework/src/Illuminate/View/Engines/CompilerEngine.php(76): Livewire/Mechanisms/ExtendBlade/ExtendedCompilerEngine->evaluatePath()
#75 C:/Users/richm/Downloads/tonetor-core-booking-system/tonetor-core-v4.0.2/tonetor-core-v4.0.2/bc-cms/vendor/livewire/livewire/src/Mechanisms/ExtendBlade/ExtendedCompilerEngine.php(10): Illuminate/View/Engines/CompilerEngine->get()
#76 C:/Users/richm/Downloads/tonetor-core-booking-system/tonetor-core-v4.0.2/tonetor-core-v4.0.2/bc-cms/vendor/laravel/framework/src/Illuminate/View/View.php(208): Livewire/Mechanisms/ExtendBlade/ExtendedCompilerEngine->get()
#77 C:/Users/richm/Downloads/tonetor-core-booking-system/tonetor-core-v4.0.2/tonetor-core-v4.0.2/bc-cms/vendor/laravel/framework/src/Illuminate/View/View.php(191): Illuminate/View/View->getContents()
#78 C:/Users/richm/Downloads/tonetor-core-booking-system/tonetor-core-v4.0.2/tonetor-core-v4.0.2/bc-cms/vendor/laravel/framework/src/Illuminate/View/View.php(160): Illuminate/View/View->renderContents()
#79 C:/Users/richm/Downloads/tonetor-core-booking-system/tonetor-core-v4.0.2/tonetor-core-v4.0.2/bc-cms/vendor/laravel/framework/src/Illuminate/Http/Response.php(78): Illuminate/View/View->render()
#80 C:/Users/richm/Downloads/tonetor-core-booking-system/tonetor-core-v4.0.2/tonetor-core-v4.0.2/bc-cms/vendor/laravel/framework/src/Illuminate/Http/Response.php(34): Illuminate/Http/Response->setContent()
#81 C:/Users/richm/Downloads/tonetor-core-booking-system/tonetor-core-v4.0.2/tonetor-core-v4.0.2/bc-cms/vendor/laravel/framework/src/Illuminate/Routing/ResponseFactory.php(61): Illuminate/Http/Response->__construct()
#82 C:/Users/richm/Downloads/tonetor-core-booking-system/tonetor-core-v4.0.2/tonetor-core-v4.0.2/bc-cms/vendor/laravel/framework/src/Illuminate/Routing/ResponseFactory.php(91): Illuminate/Routing/ResponseFactory->make()
#83 C:/Users/richm/Downloads/tonetor-core-booking-system/tonetor-core-v4.0.2/tonetor-core-v4.0.2/bc-cms/vendor/laravel/framework/src/Illuminate/Foundation/Exceptions/Handler.php(926): Illuminate/Routing/ResponseFactory->view()
#84 C:/Users/richm/Downloads/tonetor-core-booking-system/tonetor-core-v4.0.2/tonetor-core-v4.0.2/bc-cms/vendor/laravel/framework/src/Illuminate/Foundation/Exceptions/Handler.php(847): Illuminate/Foundation/Exceptions/Handler->renderHttpException()
#85 C:/Users/richm/Downloads/tonetor-core-booking-system/tonetor-core-v4.0.2/tonetor-core-v4.0.2/bc-cms/vendor/laravel/framework/src/Illuminate/Foundation/Exceptions/Handler.php(738): Illuminate/Foundation/Exceptions/Handler->prepareResponse()
#86 C:/Users/richm/Downloads/tonetor-core-booking-system/tonetor-core-v4.0.2/tonetor-core-v4.0.2/bc-cms/vendor/laravel/framework/src/Illuminate/Foundation/Exceptions/Handler.php(626): Illuminate/Foundation/Exceptions/Handler->renderExceptionResponse()
#87 C:/Users/richm/Downloads/tonetor-core-booking-system/tonetor-core-v4.0.2/tonetor-core-v4.0.2/bc-cms/vendor/laravel/framework/src/Illuminate/Routing/Pipeline.php(51): Illuminate/Foundation/Exceptions/Handler->render()
#88 C:/Users/richm/Downloads/tonetor-core-booking-system/tonetor-core-v4.0.2/tonetor-core-v4.0.2/bc-cms/vendor/laravel/framework/src/Illuminate/Pipeline/Pipeline.php(182): Illuminate/Routing/Pipeline->handleException()
#89 C:/Users/richm/Downloads/tonetor-core-booking-system/tonetor-core-v4.0.2/tonetor-core-v4.0.2/bc-cms/vendor/barryvdh/laravel-debugbar/src/Middleware/InjectDebugbar.php(59): Illuminate/Pipeline/Pipeline->{closure:Illuminate/Pipeline/Pipeline::prepareDestination():178}()
#90 C:/Users/richm/Downloads/tonetor-core-booking-system/tonetor-core-v4.0.2/tonetor-core-v4.0.2/bc-cms/vendor/laravel/framework/src/Illuminate/Pipeline/Pipeline.php(219): Barryvdh/Debugbar/Middleware/InjectDebugbar->handle()
#91 C:/Users/richm/Downloads/tonetor-core-booking-system/tonetor-core-v4.0.2/tonetor-core-v4.0.2/bc-cms/app/Http/Middleware/RequireChangePassword.php(41): Illuminate/Pipeline/Pipeline->{closure:{closure:Illuminate/Pipeline/Pipeline::carry():194}:195}()
#92 C:/Users/richm/Downloads/tonetor-core-booking-system/tonetor-core-v4.0.2/tonetor-core-v4.0.2/bc-cms/vendor/laravel/framework/src/Illuminate/Pipeline/Pipeline.php(219): App/Http/Middleware/RequireChangePassword->handle()
#93 C:/Users/richm/Downloads/tonetor-core-booking-system/tonetor-core-v4.0.2/tonetor-core-v4.0.2/bc-cms/app/Http/Middleware/SetCurrentCurrency.php(48): Illuminate/Pipeline/Pipeline->{closure:{closure:Illuminate/Pipeline/Pipeline::carry():194}:195}()
#94 C:/Users/richm/Downloads/tonetor-core-booking-system/tonetor-core-v4.0.2/tonetor-core-v4.0.2/bc-cms/vendor/laravel/framework/src/Illuminate/Pipeline/Pipeline.php(219): App/Http/Middleware/SetCurrentCurrency->handle()
#95 C:/Users/richm/Downloads/tonetor-core-booking-system/tonetor-core-v4.0.2/tonetor-core-v4.0.2/bc-cms/app/Http/Middleware/SetLanguageForAdmin.php(37): Illuminate/Pipeline/Pipeline->{closure:{closure:Illuminate/Pipeline/Pipeline::carry():194}:195}()
#96 C:/Users/richm/Downloads/tonetor-core-booking-system/tonetor-core-v4.0.2/tonetor-core-v4.0.2/bc-cms/vendor/laravel/framework/src/Illuminate/Pipeline/Pipeline.php(219): App/Http/Middleware/SetLanguageForAdmin->handle()
#97 C:/Users/richm/Downloads/tonetor-core-booking-system/tonetor-core-v4.0.2/tonetor-core-v4.0.2/bc-cms/app/Http/Middleware/RedirectForMultiLanguage.php(58): Illuminate/Pipeline/Pipeline->{closure:{closure:Illuminate/Pipeline/Pipeline::carry():194}:195}()
#98 C:/Users/richm/Downloads/tonetor-core-booking-system/tonetor-core-v4.0.2/tonetor-core-v4.0.2/bc-cms/vendor/laravel/framework/src/Illuminate/Pipeline/Pipeline.php(219): App/Http/Middleware/RedirectForMultiLanguage->handle()
#99 C:/Users/richm/Downloads/tonetor-core-booking-system/tonetor-core-v4.0.2/tonetor-core-v4.0.2/bc-cms/vendor/laravel/framework/src/Illuminate/Routing/Middleware/SubstituteBindings.php(50): Illuminate/Pipeline/Pipeline->{closure:{closure:Illuminate/Pipeline/Pipeline::carry():194}:195}()
#100 C:/Users/richm/Downloads/tonetor-core-booking-system/tonetor-core-v4.0.2/tonetor-core-v4.0.2/bc-cms/vendor/laravel/framework/src/Illuminate/Pipeline/Pipeline.php(219): Illuminate/Routing/Middleware/SubstituteBindings->handle()
#101 C:/Users/richm/Downloads/tonetor-core-booking-system/tonetor-core-v4.0.2/tonetor-core-v4.0.2/bc-cms/vendor/laravel/framework/src/Illuminate/Foundation/Http/Middleware/VerifyCsrfToken.php(87): Illuminate/Pipeline/Pipeline->{closure:{closure:Illuminate/Pipeline/Pipeline::carry():194}:195}()
#102 C:/Users/richm/Downloads/tonetor-core-booking-system/tonetor-core-v4.0.2/tonetor-core-v4.0.2/bc-cms/vendor/laravel/framework/src/Illuminate/Pipeline/Pipeline.php(219): Illuminate/Foundation/Http/Middleware/VerifyCsrfToken->handle()
#103 C:/Users/richm/Downloads/tonetor-core-booking-system/tonetor-core-v4.0.2/tonetor-core-v4.0.2/bc-cms/vendor/laravel/framework/src/Illuminate/View/Middleware/ShareErrorsFromSession.php(48): Illuminate/Pipeline/Pipeline->{closure:{closure:Illuminate/Pipeline/Pipeline::carry():194}:195}()
#104 C:/Users/richm/Downloads/tonetor-core-booking-system/tonetor-core-v4.0.2/tonetor-core-v4.0.2/bc-cms/vendor/laravel/framework/src/Illuminate/Pipeline/Pipeline.php(219): Illuminate/View/Middleware/ShareErrorsFromSession->handle()
#105 C:/Users/richm/Downloads/tonetor-core-booking-system/tonetor-core-v4.0.2/tonetor-core-v4.0.2/bc-cms/vendor/laravel/framework/src/Illuminate/Session/Middleware/StartSession.php(120): Illuminate/Pipeline/Pipeline->{closure:{closure:Illuminate/Pipeline/Pipeline::carry():194}:195}()
#106 C:/Users/richm/Downloads/tonetor-core-booking-system/tonetor-core-v4.0.2/tonetor-core-v4.0.2/bc-cms/vendor/laravel/framework/src/Illuminate/Session/Middleware/StartSession.php(63): Illuminate/Session/Middleware/StartSession->handleStatefulRequest()
#107 C:/Users/richm/Downloads/tonetor-core-booking-system/tonetor-core-v4.0.2/tonetor-core-v4.0.2/bc-cms/vendor/laravel/framework/src/Illuminate/Pipeline/Pipeline.php(219): Illuminate/Session/Middleware/StartSession->handle()
#108 C:/Users/richm/Downloads/tonetor-core-booking-system/tonetor-core-v4.0.2/tonetor-core-v4.0.2/bc-cms/vendor/laravel/framework/src/Illuminate/Cookie/Middleware/AddQueuedCookiesToResponse.php(36): Illuminate/Pipeline/Pipeline->{closure:{closure:Illuminate/Pipeline/Pipeline::carry():194}:195}()
#109 C:/Users/richm/Downloads/tonetor-core-booking-system/tonetor-core-v4.0.2/tonetor-core-v4.0.2/bc-cms/vendor/laravel/framework/src/Illuminate/Pipeline/Pipeline.php(219): Illuminate/Cookie/Middleware/AddQueuedCookiesToResponse->handle()
#110 C:/Users/richm/Downloads/tonetor-core-booking-system/tonetor-core-v4.0.2/tonetor-core-v4.0.2/bc-cms/vendor/laravel/framework/src/Illuminate/Cookie/Middleware/EncryptCookies.php(74): Illuminate/Pipeline/Pipeline->{closure:{closure:Illuminate/Pipeline/Pipeline::carry():194}:195}()
#111 C:/Users/richm/Downloads/tonetor-core-booking-system/tonetor-core-v4.0.2/tonetor-core-v4.0.2/bc-cms/vendor/laravel/framework/src/Illuminate/Pipeline/Pipeline.php(219): Illuminate/Cookie/Middleware/EncryptCookies->handle()
#112 C:/Users/richm/Downloads/tonetor-core-booking-system/tonetor-core-v4.0.2/tonetor-core-v4.0.2/bc-cms/vendor/laravel/framework/src/Illuminate/Pipeline/Pipeline.php(137): Illuminate/Pipeline/Pipeline->{closure:{closure:Illuminate/Pipeline/Pipeline::carry():194}:195}()
#113 C:/Users/richm/Downloads/tonetor-core-booking-system/tonetor-core-v4.0.2/tonetor-core-v4.0.2/bc-cms/vendor/laravel/framework/src/Illuminate/Routing/Router.php(821): Illuminate/Pipeline/Pipeline->then()
#114 C:/Users/richm/Downloads/tonetor-core-booking-system/tonetor-core-v4.0.2/tonetor-core-v4.0.2/bc-cms/vendor/laravel/framework/src/Illuminate/Routing/Router.php(800): Illuminate/Routing/Router->runRouteWithinStack()
#115 C:/Users/richm/Downloads/tonetor-core-booking-system/tonetor-core-v4.0.2/tonetor-core-v4.0.2/bc-cms/vendor/laravel/framework/src/Illuminate/Routing/Router.php(764): Illuminate/Routing/Router->runRoute()
#116 C:/Users/richm/Downloads/tonetor-core-booking-system/tonetor-core-v4.0.2/tonetor-core-v4.0.2/bc-cms/vendor/laravel/framework/src/Illuminate/Routing/Router.php(753): Illuminate/Routing/Router->dispatchToRoute()
#117 C:/Users/richm/Downloads/tonetor-core-booking-system/tonetor-core-v4.0.2/tonetor-core-v4.0.2/bc-cms/vendor/laravel/framework/src/Illuminate/Foundation/Http/Kernel.php(200): Illuminate/Routing/Router->dispatch()
#118 C:/Users/richm/Downloads/tonetor-core-booking-system/tonetor-core-v4.0.2/tonetor-core-v4.0.2/bc-cms/vendor/laravel/framework/src/Illuminate/Pipeline/Pipeline.php(180): Illuminate/Foundation/Http/Kernel->{closure:Illuminate/Foundation/Http/Kernel::dispatchToRouter():197}()
#119 C:/Users/richm/Downloads/tonetor-core-booking-system/tonetor-core-v4.0.2/tonetor-core-v4.0.2/bc-cms/themes/Base/Core/Middleware/RunUpdater.php(77): Illuminate/Pipeline/Pipeline->{closure:Illuminate/Pipeline/Pipeline::prepareDestination():178}()
#120 C:/Users/richm/Downloads/tonetor-core-booking-system/tonetor-core-v4.0.2/tonetor-core-v4.0.2/bc-cms/vendor/laravel/framework/src/Illuminate/Pipeline/Pipeline.php(219): Themes/Base/Core/Middleware/RunUpdater->handle()
#121 C:/Users/richm/Downloads/tonetor-core-booking-system/tonetor-core-v4.0.2/tonetor-core-v4.0.2/bc-cms/vendor/livewire/livewire/src/Features/SupportDisablingBackButtonCache/DisableBackButtonCacheMiddleware.php(19): Illuminate/Pipeline/Pipeline->{closure:{closure:Illuminate/Pipeline/Pipeline::carry():194}:195}()
#122 C:/Users/richm/Downloads/tonetor-core-booking-system/tonetor-core-v4.0.2/tonetor-core-v4.0.2/bc-cms/vendor/laravel/framework/src/Illuminate/Pipeline/Pipeline.php(219): Livewire/Features/SupportDisablingBackButtonCache/DisableBackButtonCacheMiddleware->handle()
#123 C:/Users/richm/Downloads/tonetor-core-booking-system/tonetor-core-v4.0.2/tonetor-core-v4.0.2/bc-cms/vendor/barryvdh/laravel-debugbar/src/Middleware/InjectDebugbar.php(59): Illuminate/Pipeline/Pipeline->{closure:{closure:Illuminate/Pipeline/Pipeline::carry():194}:195}()
#124 C:/Users/richm/Downloads/tonetor-core-booking-system/tonetor-core-v4.0.2/tonetor-core-v4.0.2/bc-cms/vendor/laravel/framework/src/Illuminate/Pipeline/Pipeline.php(219): Barryvdh/Debugbar/Middleware/InjectDebugbar->handle()
#125 C:/Users/richm/Downloads/tonetor-core-booking-system/tonetor-core-v4.0.2/tonetor-core-v4.0.2/bc-cms/app/Http/Middleware/RedirectToInstaller.php(40): Illuminate/Pipeline/Pipeline->{closure:{closure:Illuminate/Pipeline/Pipeline::carry():194}:195}()
#126 C:/Users/richm/Downloads/tonetor-core-booking-system/tonetor-core-v4.0.2/tonetor-core-v4.0.2/bc-cms/vendor/laravel/framework/src/Illuminate/Pipeline/Pipeline.php(219): App/Http/Middleware/RedirectToInstaller->handle()
#127 C:/Users/richm/Downloads/tonetor-core-booking-system/tonetor-core-v4.0.2/tonetor-core-v4.0.2/bc-cms/vendor/laravel/framework/src/Illuminate/Foundation/Http/Middleware/TransformsRequest.php(21): Illuminate/Pipeline/Pipeline->{closure:{closure:Illuminate/Pipeline/Pipeline::carry():194}:195}()
#128 C:/Users/richm/Downloads/tonetor-core-booking-system/tonetor-core-v4.0.2/tonetor-core-v4.0.2/bc-cms/vendor/laravel/framework/src/Illuminate/Foundation/Http/Middleware/ConvertEmptyStringsToNull.php(31): Illuminate/Foundation/Http/Middleware/TransformsRequest->handle()
#129 C:/Users/richm/Downloads/tonetor-core-booking-system/tonetor-core-v4.0.2/tonetor-core-v4.0.2/bc-cms/vendor/laravel/framework/src/Illuminate/Pipeline/Pipeline.php(219): Illuminate/Foundation/Http/Middleware/ConvertEmptyStringsToNull->handle()
#130 C:/Users/richm/Downloads/tonetor-core-booking-system/tonetor-core-v4.0.2/tonetor-core-v4.0.2/bc-cms/vendor/laravel/framework/src/Illuminate/Foundation/Http/Middleware/TransformsRequest.php(21): Illuminate/Pipeline/Pipeline->{closure:{closure:Illuminate/Pipeline/Pipeline::carry():194}:195}()
#131 C:/Users/richm/Downloads/tonetor-core-booking-system/tonetor-core-v4.0.2/tonetor-core-v4.0.2/bc-cms/vendor/laravel/framework/src/Illuminate/Foundation/Http/Middleware/TrimStrings.php(51): Illuminate/Foundation/Http/Middleware/TransformsRequest->handle()
#132 C:/Users/richm/Downloads/tonetor-core-booking-system/tonetor-core-v4.0.2/tonetor-core-v4.0.2/bc-cms/vendor/laravel/framework/src/Illuminate/Pipeline/Pipeline.php(219): Illuminate/Foundation/Http/Middleware/TrimStrings->handle()
#133 C:/Users/richm/Downloads/tonetor-core-booking-system/tonetor-core-v4.0.2/tonetor-core-v4.0.2/bc-cms/vendor/laravel/framework/src/Illuminate/Http/Middleware/ValidatePostSize.php(27): Illuminate/Pipeline/Pipeline->{closure:{closure:Illuminate/Pipeline/Pipeline::carry():194}:195}()
#134 C:/Users/richm/Downloads/tonetor-core-booking-system/tonetor-core-v4.0.2/tonetor-core-v4.0.2/bc-cms/vendor/laravel/framework/src/Illuminate/Pipeline/Pipeline.php(219): Illuminate/Http/Middleware/ValidatePostSize->handle()
#135 C:/Users/richm/Downloads/tonetor-core-booking-system/tonetor-core-v4.0.2/tonetor-core-v4.0.2/bc-cms/vendor/laravel/framework/src/Illuminate/Foundation/Http/Middleware/PreventRequestsDuringMaintenance.php(109): Illuminate/Pipeline/Pipeline->{closure:{closure:Illuminate/Pipeline/Pipeline::carry():194}:195}()
#136 C:/Users/richm/Downloads/tonetor-core-booking-system/tonetor-core-v4.0.2/tonetor-core-v4.0.2/bc-cms/vendor/laravel/framework/src/Illuminate/Pipeline/Pipeline.php(219): Illuminate/Foundation/Http/Middleware/PreventRequestsDuringMaintenance->handle()
#137 C:/Users/richm/Downloads/tonetor-core-booking-system/tonetor-core-v4.0.2/tonetor-core-v4.0.2/bc-cms/vendor/laravel/framework/src/Illuminate/Http/Middleware/HandleCors.php(61): Illuminate/Pipeline/Pipeline->{closure:{closure:Illuminate/Pipeline/Pipeline::carry():194}:195}()
#138 C:/Users/richm/Downloads/tonetor-core-booking-system/tonetor-core-v4.0.2/tonetor-core-v4.0.2/bc-cms/vendor/laravel/framework/src/Illuminate/Pipeline/Pipeline.php(219): Illuminate/Http/Middleware/HandleCors->handle()
#139 C:/Users/richm/Downloads/tonetor-core-booking-system/tonetor-core-v4.0.2/tonetor-core-v4.0.2/bc-cms/vendor/laravel/framework/src/Illuminate/Http/Middleware/TrustProxies.php(58): Illuminate/Pipeline/Pipeline->{closure:{closure:Illuminate/Pipeline/Pipeline::carry():194}:195}()
#140 C:/Users/richm/Downloads/tonetor-core-booking-system/tonetor-core-v4.0.2/tonetor-core-v4.0.2/bc-cms/vendor/laravel/framework/src/Illuminate/Pipeline/Pipeline.php(219): Illuminate/Http/Middleware/TrustProxies->handle()
#141 C:/Users/richm/Downloads/tonetor-core-booking-system/tonetor-core-v4.0.2/tonetor-core-v4.0.2/bc-cms/vendor/laravel/framework/src/Illuminate/Foundation/Http/Middleware/InvokeDeferredCallbacks.php(22): Illuminate/Pipeline/Pipeline->{closure:{closure:Illuminate/Pipeline/Pipeline::carry():194}:195}()
#142 C:/Users/richm/Downloads/tonetor-core-booking-system/tonetor-core-v4.0.2/tonetor-core-v4.0.2/bc-cms/vendor/laravel/framework/src/Illuminate/Pipeline/Pipeline.php(219): Illuminate/Foundation/Http/Middleware/InvokeDeferredCallbacks->handle()
#143 C:/Users/richm/Downloads/tonetor-core-booking-system/tonetor-core-v4.0.2/tonetor-core-v4.0.2/bc-cms/vendor/laravel/framework/src/Illuminate/Http/Middleware/ValidatePathEncoding.php(26): Illuminate/Pipeline/Pipeline->{closure:{closure:Illuminate/Pipeline/Pipeline::carry():194}:195}()
#144 C:/Users/richm/Downloads/tonetor-core-booking-system/tonetor-core-v4.0.2/tonetor-core-v4.0.2/bc-cms/vendor/laravel/framework/src/Illuminate/Pipeline/Pipeline.php(219): Illuminate/Http/Middleware/ValidatePathEncoding->handle()
#145 C:/Users/richm/Downloads/tonetor-core-booking-system/tonetor-core-v4.0.2/tonetor-core-v4.0.2/bc-cms/vendor/laravel/framework/src/Illuminate/Pipeline/Pipeline.php(137): Illuminate/Pipeline/Pipeline->{closure:{closure:Illuminate/Pipeline/Pipeline::carry():194}:195}()
#146 C:/Users/richm/Downloads/tonetor-core-booking-system/tonetor-core-v4.0.2/tonetor-core-v4.0.2/bc-cms/vendor/laravel/framework/src/Illuminate/Foundation/Http/Kernel.php(175): Illuminate/Pipeline/Pipeline->then()
#147 C:/Users/richm/Downloads/tonetor-core-booking-system/tonetor-core-v4.0.2/tonetor-core-v4.0.2/bc-cms/vendor/laravel/framework/src/Illuminate/Foundation/Http/Kernel.php(144): Illuminate/Foundation/Http/Kernel->sendRequestThroughRouter()
#148 C:/Users/richm/Downloads/tonetor-core-booking-system/tonetor-core-v4.0.2/tonetor-core-v4.0.2/bc-cms/vendor/laravel/framework/src/Illuminate/Foundation/Application.php(1220): Illuminate/Foundation/Http/Kernel->handle()
#149 C:/Users/richm/Downloads/tonetor-core-booking-system/tonetor-core-v4.0.2/tonetor-core-v4.0.2/public_html/index.php(84): Illuminate/Foundation/Application->handleRequest()
#150 C:/Users/richm/Downloads/tonetor-core-booking-system/tonetor-core-v4.0.2/tonetor-core-v4.0.2/bc-cms/server.php(21): require_once('...')
#151 {main}
"} 
